,county,state,FIPS Code
0,Autauga County,AL,1001
13,Baldwin County,AL,1003
41,Barbour County,AL,1005
50,Bibb County,AL,1007
62,Blount County,AL,1009
79,Bullock County,AL,1011
88,Butler County,AL,1013
97,Calhoun County,AL,1015
116,Chambers County,AL,1017
126,Cherokee County,AL,1019
137,Chilton County,AL,1021
151,Choctaw County,AL,1023
162,Clarke County,AL,1025
173,Clay County,AL,1027
185,Cleburne County,AL,1029
194,Coffee County,AL,1031
210,Colbert County,AL,1033
219,Conecuh County,AL,1035
234,Coosa County,AL,1037
244,Covington County,AL,1039
258,Crenshaw County,AL,1041
271,Cullman County,AL,1043
292,Dale County,AL,1045
306,Dallas County,AL,1047
316,DeKalb County,AL,1049
340,Elmore County,AL,1051
355,Escambia County,AL,1053
365,Etowah County,AL,1055
382,Fayette County,AL,1057
393,Franklin County,AL,1059
404,Geneva County,AL,1061
419,Greene County,AL,1063
428,Hale County,AL,1065
437,Henry County,AL,1067
445,Houston County,AL,1069
460,Jackson County,AL,1071
481,Jefferson County,AL,1073
570,Lamar County,AL,1075
579,Lauderdale County,AL,1077
591,Lawrence County,AL,1079
600,Lee County,AL,1081
617,Limestone County,AL,1083
634,Lowndes County,AL,1085
643,Macon County,AL,1087
658,Madison County,AL,1089
698,Marengo County,AL,1091
717,Marion County,AL,1093
729,Marshall County,AL,1095
748,Mobile County,AL,1097
799,Monroe County,AL,1099
817,Montgomery County,AL,1101
856,Morgan County,AL,1103
872,Perry County,AL,1105
880,Pickens County,AL,1107
889,Pike County,AL,1109
897,Randolph County,AL,1111
905,Russell County,AL,1113
919,St. Clair County,AL,1115
940,Shelby County,AL,1117
966,Sumter County,AL,1119
977,Talladega County,AL,1121
990,Tallapoosa County,AL,1123
1004,Tuscaloosa County,AL,1125
1041,Walker County,AL,1127
1063,Washington County,AL,1129
1078,Wilcox County,AL,1131
1093,Winston County,AL,1133
1106,Aleutians East Borough,AK,2013
1111,Aleutians West Census Area,AK,2016
1118,Anchorage Municipality,AK,2020
1148,Bethel Census Area,AK,2050
1175,Bristol Bay Borough,AK,2060
1178,Denali Borough,AK,2068
1182,Dillingham Census Area,AK,2070
1189,Fairbanks North Star Borough,AK,2090
1202,Haines Borough,AK,2100
1203,Hoonah-Angoon Census Area,AK,2105
1209,Juneau City and Borough,AK,2110
1212,Kenai Peninsula Borough,AK,2122
1227,Ketchikan Gateway Borough,AK,2130
1229,Kodiak Island Borough,AK,2150
1235,Lake and Peninsula Borough,AK,2164
1247,Matanuska-Susitna Borough,AK,2170
1258,Nome Census Area,AK,2180
1272,North Slope Borough,AK,2185
1281,Northwest Arctic Borough,AK,2188
1292,Petersburg Census Area,AK,2195
1295,Prince of Wales-Hyder Census Area,AK,2198
1303,Sitka City and Borough,AK,2220
1304,Skagway Municipality,AK,2230
1305,Southeast Fairbanks Census Area,AK,2240
1312,Valdez-Cordova Census Area,AK,2261
1320,Wade Hampton Census Area,AK,2270
1332,Wrangell City and Borough,AK,2275
1334,Yakutat City and Borough,AK,2282
1335,Yukon-Koyukuk Census Area,AK,2290
1366,Apache County,AZ,4001
1395,Cochise County,AZ,4003
1420,Coconino County,AZ,4005
1448,Gila County,AZ,4007
1460,Graham County,AZ,4009
1471,Greenlee County,AZ,4011
1475,La Paz County,AZ,4012
1483,Maricopa County,AZ,4013
1676,Mohave County,AZ,4015
1707,Navajo County,AZ,4017
1735,Pima County,AZ,4019
1806,Pinal County,AZ,4021
1839,Santa Cruz County,AZ,4023
1848,Yavapai County,AZ,4025
1884,Yuma County,AZ,4027
1895,Arkansas County,AR,5001
1906,Ashley County,AR,5003
1916,Baxter County,AR,5005
1932,Benton County,AR,5007
1957,Boone County,AR,5009
1967,Bradley County,AR,5011
1972,Calhoun County,AR,5013
1978,Carroll County,AR,5015
1987,Chicot County,AR,5017
1992,Clark County,AR,5019
2003,Clay County,AR,5021
2017,Cleburne County,AR,5023
2036,Cleveland County,AR,5025
2043,Columbia County,AR,5027
2051,Conway County,AR,5029
2066,Craighead County,AR,5031
2083,Crawford County,AR,5033
2096,Crittenden County,AR,5035
2107,Cross County,AR,5037
2116,Dallas County,AR,5039
2124,Desha County,AR,5041
2133,Drew County,AR,5043
2141,Faulkner County,AR,5045
2158,Franklin County,AR,5047
2170,Fulton County,AR,5049
2185,Garland County,AR,5051
2200,Grant County,AR,5053
2213,Greene County,AR,5055
2225,Hempstead County,AR,5057
2237,Hot Spring County,AR,5059
2251,Howard County,AR,5061
2260,Independence County,AR,5063
2281,Izard County,AR,5065
2299,Jackson County,AR,5067
2312,Jefferson County,AR,5069
2331,Johnson County,AR,5071
2342,Lafayette County,AR,5073
2347,Lawrence County,AR,5075
2362,Lee County,AR,5077
2373,Lincoln County,AR,5079
2382,Little River County,AR,5081
2388,Logan County,AR,5083
2402,Lonoke County,AR,5085
2415,Madison County,AR,5087
2428,Marion County,AR,5089
2441,Miller County,AR,5091
2446,Mississippi County,AR,5093
2467,Monroe County,AR,5095
2476,Montgomery County,AR,5097
2485,Nevada County,AR,5099
2495,Newton County,AR,5101
2508,Ouachita County,AR,5103
2516,Perry County,AR,5105
2526,Phillips County,AR,5107
2540,Pike County,AR,5109
2551,Poinsett County,AR,5111
2563,Polk County,AR,5113
2572,Pope County,AR,5115
2587,Prairie County,AR,5117
2598,Pulaski County,AR,5119
2652,Randolph County,AR,5121
2664,St. Francis County,AR,5123
2676,Saline County,AR,5125
2692,Scott County,AR,5127
2699,Searcy County,AR,5129
2711,Sebastian County,AR,5131
2735,Sevier County,AR,5133
2741,Sharp County,AR,5135
2755,Stone County,AR,5137
2774,Union County,AR,5139
2786,Van Buren County,AR,5141
2800,Washington County,AR,5143
2828,White County,AR,5145
2851,Woodruff County,AR,5147
2860,Yell County,AR,5149
2873,Alameda County,CA,6001
2942,Alpine County,CA,6003
2944,Amador County,CA,6005
2957,Butte County,CA,6007
2982,Calaveras County,CA,6009
3004,Colusa County,CA,6011
3015,Contra Costa County,CA,6013
3071,Del Norte County,CA,6015
3077,El Dorado County,CA,6017
3105,Fresno County,CA,6019
3207,Glenn County,CA,6021
3215,Humboldt County,CA,6023
3256,Imperial County,CA,6025
3275,Inyo County,CA,6027
3287,Kern County,CA,6029
3353,Kings County,CA,6031
3366,Lake County,CA,6033
3382,Lassen County,CA,6035
3398,Los Angeles County,CA,6037
3892,Madera County,CA,6039
3910,Marin County,CA,6041
3951,Mariposa County,CA,6043
3964,Mendocino County,CA,6045
3994,Merced County,CA,6047
4021,Modoc County,CA,6049
4033,Mono County,CA,6051
4041,Monterey County,CA,6053
4078,Napa County,CA,6055
4093,Nevada County,CA,6057
4109,Orange County,CA,6059
4255,Placer County,CA,6061
4289,Plumas County,CA,6063
4308,Riverside County,CA,6065
4411,Sacramento County,CA,6067
4485,San Benito County,CA,6069
4492,San Bernardino County,CA,6071
4614,San Diego County,CA,6073
4794,San Francisco County,CA,6075
4832,San Joaquin County,CA,6077
4877,San Luis Obispo County,CA,6079
4915,San Mateo County,CA,6081
4955,Santa Barbara County,CA,6083
4996,Santa Clara County,CA,6085
5102,Santa Cruz County,CA,6087
5126,Shasta County,CA,6089
5159,Sierra County,CA,6091
5168,Siskiyou County,CA,6093
5190,Solano County,CA,6095
5212,Sonoma County,CA,6097
5266,Stanislaus County,CA,6099
5299,Sutter County,CA,6101
5315,Tehama County,CA,6103
5333,Trinity County,CA,6105
5346,Tulare County,CA,6107
5394,Tuolumne County,CA,6109
5411,Ventura County,CA,6111
5465,Yolo County,CA,6113
5488,Yuba County,CA,6115
5505,Adams County,CO,8001
5550,Alamosa County,CO,8003
5556,Arapahoe County,CO,8005
5605,Archuleta County,CO,8007
5611,Baca County,CO,8009
5619,Bent County,CO,8011
5624,Boulder County,CO,8013
5656,Broomfield County,CO,8014
5664,Chaffee County,CO,8015
5671,Cheyenne County,CO,8017
5677,Clear Creek County,CO,8019
5683,Conejos County,CO,8021
5691,Costilla County,CO,8023
5698,Crowley County,CO,8025
5705,Custer County,CO,8027
5710,Delta County,CO,8029
5720,Denver County,CO,8031
5784,Dolores County,CO,8033
5787,Douglas County,CO,8035
5806,Eagle County,CO,8037
5822,Elbert County,CO,8039
5838,El Paso County,CO,8041
5906,Fremont County,CO,8043
5922,Garfield County,CO,8045
5932,Gilpin County,CO,8047
5936,Grand County,CO,8049
5946,Gunnison County,CO,8051
5958,Hinsdale County,CO,8053
5961,Huerfano County,CO,8055
5965,Jackson County,CO,8057
5969,Jefferson County,CO,8059
6012,Kiowa County,CO,8061
6017,Kit Carson County,CO,8063
6023,Lake County,CO,8065
6027,La Plata County,CO,8067
6035,Larimer County,CO,8069
6067,Las Animas County,CO,8071
6080,Lincoln County,CO,8073
6091,Logan County,CO,8075
6100,Mesa County,CO,8077
6120,Mineral County,CO,8079
6122,Moffat County,CO,8081
6129,Montezuma County,CO,8083
6137,Montrose County,CO,8085
6149,Morgan County,CO,8087
6159,Otero County,CO,8089
6166,Ouray County,CO,8091
6169,Park County,CO,8093
6182,Phillips County,CO,8095
6187,Pitkin County,CO,8097
6195,Prowers County,CO,8099
6200,Pueblo County,CO,8101
6221,Rio Blanco County,CO,8103
6225,Rio Grande County,CO,8105
6231,Routt County,CO,8107
6241,Saguache County,CO,8109
6249,San Juan County,CO,8111
6252,San Miguel County,CO,8113
6259,Sedgwick County,CO,8115
6262,Summit County,CO,8117
6267,Teller County,CO,8119
6276,Washington County,CO,8121
6288,Weld County,CO,8123
6336,Yuma County,CO,8125
6345,Fairfield County,CT,9001
6418,Hartford County,CT,9003
6525,Litchfield County,CT,9005
6573,Middlesex County,CT,9007
6600,New Haven County,CT,9009
6681,New London County,CT,9011
6720,Tolland County,CT,9013
6746,Windham County,CT,9015
6785,Kent County,DE,10001
6806,New Castle County,DE,10003
6853,Sussex County,DE,10005
6877,District of Columbia,DC,11001
7096,Alachua County,FL,12001
7127,Baker County,FL,12003
7131,Bay County,FL,12005
7151,Bradford County,FL,12007
7162,Brevard County,FL,12009
7207,Broward County,FL,12011
7292,Calhoun County,FL,12013
7302,Charlotte County,FL,12015
7323,Citrus County,FL,12017
7346,Clay County,FL,12019
7362,Collier County,FL,12021
7388,Columbia County,FL,12023
7398,DeSoto County,FL,12027
7403,Dixie County,FL,12029
7409,Duval County,FL,12031
7460,Escambia County,FL,12033
7488,Flagler County,FL,12035
7497,Franklin County,FL,12037
7503,Gadsden County,FL,12039
7510,Gilchrist County,FL,12041
7515,Glades County,FL,12043
7521,Gulf County,FL,12045
7523,Hamilton County,FL,12047
7526,Hardee County,FL,12049
7530,Hendry County,FL,12051
7537,Hernando County,FL,12053
7553,Highlands County,FL,12055
7565,Hillsborough County,FL,12057
7652,Holmes County,FL,12059
7657,Indian River County,FL,12061
7673,Jackson County,FL,12063
7687,Jefferson County,FL,12065
7694,Lafayette County,FL,12067
7696,Lake County,FL,12069
7733,Lee County,FL,12071
7785,Leon County,FL,12073
7807,Levy County,FL,12075
7821,Liberty County,FL,12077
7824,Madison County,FL,12079
7829,Manatee County,FL,12081
7862,Marion County,FL,12083
7905,Martin County,FL,12085
7922,Miami-Dade County,FL,12086
8045,Monroe County,FL,12087
8058,Nassau County,FL,12089
8066,Okaloosa County,FL,12091
8083,Okeechobee County,FL,12093
8086,Orange County,FL,12095
8164,Osceola County,FL,12097
8186,Palm Beach County,FL,12099
8262,Pasco County,FL,12101
8305,Pinellas County,FL,12103
8376,Polk County,FL,12105
8434,Putnam County,FL,12107
8454,St. Johns County,FL,12109
8470,St. Lucie County,FL,12111
8493,Santa Rosa County,FL,12113
8506,Sarasota County,FL,12115
8543,Seminole County,FL,12117
8570,Sumter County,FL,12119
8583,Suwannee County,FL,12121
8591,Taylor County,FL,12123
8598,Union County,FL,12125
8602,Volusia County,FL,12127
8651,Wakulla County,FL,12129
8656,Walton County,FL,12131
8671,Washington County,FL,12133
8680,Appling County,GA,13001
8688,Atkinson County,GA,13003
8693,Bacon County,GA,13005
8697,Baker County,GA,13007
8703,Baldwin County,GA,13009
8711,Banks County,GA,13011
8722,Barrow County,GA,13013
8730,Bartow County,GA,13015
8745,Ben Hill County,GA,13017
8749,Berrien County,GA,13019
8755,Bibb County,GA,13021
8774,Bleckley County,GA,13023
8780,Brantley County,GA,13025
8788,Brooks County,GA,13027
8796,Bryan County,GA,13029
8800,Bulloch County,GA,13031
8813,Burke County,GA,13033
8822,Butts County,GA,13035
8829,Calhoun County,GA,13037
8836,Camden County,GA,13039
8844,Candler County,GA,13043
8849,Carroll County,GA,13045
8864,Catoosa County,GA,13047
8872,Charlton County,GA,13049
8874,Chatham County,GA,13051
8896,Chattahoochee County,GA,13053
8899,Chattooga County,GA,13055
8905,Cherokee County,GA,13057
8926,Clarke County,GA,13059
8938,Clay County,GA,13061
8945,Clayton County,GA,13063
8966,Clinch County,GA,13065
8973,Cobb County,GA,13067
9008,Coffee County,GA,13069
9020,Colquitt County,GA,13071
9037,Columbia County,GA,13073
9045,Cook County,GA,13075
9050,Coweta County,GA,13077
9064,Crawford County,GA,13079
9071,Crisp County,GA,13081
9079,Dade County,GA,13083
9084,Dawson County,GA,13085
9091,Decatur County,GA,13087
9101,DeKalb County,GA,13089
9158,Dodge County,GA,13091
9165,Dooly County,GA,13093
9174,Dougherty County,GA,13095
9187,Douglas County,GA,13097
9198,Early County,GA,13099
9206,Echols County,GA,13101
9211,Effingham County,GA,13103
9220,Elbert County,GA,13105
9224,Emanuel County,GA,13107
9237,Evans County,GA,13109
9245,Fannin County,GA,13111
9253,Fayette County,GA,13113
9262,Floyd County,GA,13115
9280,Forsyth County,GA,13117
9291,Franklin County,GA,13119
9303,Fulton County,GA,13121
9382,Gilmer County,GA,13123
9391,Glascock County,GA,13125
9396,Glynn County,GA,13127
9406,Gordon County,GA,13129
9417,Grady County,GA,13131
9425,Greene County,GA,13133
9432,Gwinnett County,GA,13135
9471,Habersham County,GA,13137
9480,Hall County,GA,13139
9502,Hancock County,GA,13141
9507,Haralson County,GA,13143
9514,Harris County,GA,13145
9526,Hart County,GA,13147
9534,Heard County,GA,13149
9539,Henry County,GA,13151
9549,Houston County,GA,13153
9563,Irwin County,GA,13155
9571,Jackson County,GA,13157
9588,Jasper County,GA,13159
9595,Jeff Davis County,GA,13161
9600,Jefferson County,GA,13163
9609,Jenkins County,GA,13165
9615,Johnson County,GA,13167
9620,Jones County,GA,13169
9629,Lamar County,GA,13171
9638,Lanier County,GA,13173
9643,Laurens County,GA,13175
9660,Lee County,GA,13177
9668,Liberty County,GA,13179
9678,Lincoln County,GA,13181
9680,Long County,GA,13183
9684,Lowndes County,GA,13185
9697,Lumpkin County,GA,13187
9703,McDuffie County,GA,13189
9709,McIntosh County,GA,13191
9715,Macon County,GA,13193
9725,Madison County,GA,13195
9737,Marion County,GA,13197
9741,Meriwether County,GA,13199
9753,Miller County,GA,13201
9758,Mitchell County,GA,13205
9765,Monroe County,GA,13207
9775,Montgomery County,GA,13209
9782,Morgan County,GA,13211
9791,Murray County,GA,13213
9800,Muscogee County,GA,13215
9818,Newton County,GA,13217
9830,Oconee County,GA,13219
9840,Oglethorpe County,GA,13221
9850,Paulding County,GA,13223
9861,Peach County,GA,13225
9865,Pickens County,GA,13227
9876,Pierce County,GA,13229
9883,Pike County,GA,13231
9891,Polk County,GA,13233
9900,Pulaski County,GA,13235
9905,Putnam County,GA,13237
9910,Quitman County,GA,13239
9913,Rabun County,GA,13241
9922,Randolph County,GA,13243
9927,Richmond County,GA,13245
9942,Rockdale County,GA,13247
9952,Schley County,GA,13249
9959,Screven County,GA,13251
9966,Seminole County,GA,13253
9970,Spalding County,GA,13255
9979,Stephens County,GA,13257
9983,Stewart County,GA,13259
9989,Sumter County,GA,13261
9997,Talbot County,GA,13263
10005,Taliaferro County,GA,13265
10009,Tattnall County,GA,13267
10017,Taylor County,GA,13269
10025,Telfair County,GA,13271
10032,Terrell County,GA,13273
10039,Thomas County,GA,13275
10049,Tift County,GA,13277
10059,Toombs County,GA,13279
10062,Towns County,GA,13281
10065,Treutlen County,GA,13283
10070,Troup County,GA,13285
10077,Turner County,GA,13287
10082,Twiggs County,GA,13289
10088,Union County,GA,13291
10095,Upson County,GA,13293
10102,Walker County,GA,13295
10116,Walton County,GA,13297
10128,Ware County,GA,13299
10137,Warren County,GA,13301
10146,Washington County,GA,13303
10156,Wayne County,GA,13305
10164,Webster County,GA,13307
10168,Wheeler County,GA,13309
10172,White County,GA,13311
10180,Whitfield County,GA,13313
10190,Wilcox County,GA,13315
10196,Wilkes County,GA,13317
10201,Wilkinson County,GA,13319
10210,Worth County,GA,13321
10353,Ada County,ID,16001
10384,Adams County,ID,16003
10390,Bannock County,ID,16005
10402,Bear Lake County,ID,16007
10412,Benewah County,ID,16009
10420,Bingham County,ID,16011
10433,Blaine County,ID,16013
10440,Boise County,ID,16015
10450,Bonner County,ID,16017
10469,Bonneville County,ID,16019
10483,Boundary County,ID,16021
10488,Butte County,ID,16023
10491,Camas County,ID,16025
10494,Canyon County,ID,16027
10510,Caribou County,ID,16029
10514,Cassia County,ID,16031
10523,Clark County,ID,16033
10526,Clearwater County,ID,16035
10533,Custer County,ID,16037
10540,Elmore County,ID,16039
10547,Franklin County,ID,16041
10554,Fremont County,ID,16043
10565,Gem County,ID,16045
10573,Gooding County,ID,16047
10580,Idaho County,ID,16049
10594,Jefferson County,ID,16051
10604,Jerome County,ID,16053
10609,Kootenai County,ID,16055
10625,Latah County,ID,16057
10638,Lemhi County,ID,16059
10649,Lewis County,ID,16061
10656,Lincoln County,ID,16063
10662,Madison County,ID,16065
10672,Minidoka County,ID,16067
10677,Nez Perce County,ID,16069
10687,Oneida County,ID,16071
10689,Owyhee County,ID,16073
10697,Payette County,ID,16075
10702,Power County,ID,16077
10706,Shoshone County,ID,16079
10721,Teton County,ID,16081
10726,Twin Falls County,ID,16083
10736,Valley County,ID,16085
10742,Washington County,ID,16087
10747,Adams County,IL,17001
10772,Alexander County,IL,17003
10781,Bond County,IL,17005
10792,Boone County,IL,17007
10809,Brown County,IL,17009
10812,Bureau County,IL,17011
10841,Calhoun County,IL,17013
10850,Carroll County,IL,17015
10861,Cass County,IL,17017
10870,Champaign County,IL,17019
10911,Christian County,IL,17021
10931,Clark County,IL,17023
10941,Clay County,IL,17025
10952,Clinton County,IL,17027
10972,Coles County,IL,17029
10986,Cook County,IL,17031
11212,Crawford County,IL,17033
11223,Cumberland County,IL,17035
11235,DeKalb County,IL,17037
11259,De Witt County,IL,17039
11273,Douglas County,IL,17041
11285,DuPage County,IL,17043
11341,Edgar County,IL,17045
11357,Edwards County,IL,17047
11363,Effingham County,IL,17049
11380,Fayette County,IL,17051
11391,Ford County,IL,17053
11412,Franklin County,IL,17055
11431,Fulton County,IL,17057
11455,Gallatin County,IL,17059
11463,Greene County,IL,17061
11473,Grundy County,IL,17063
11489,Hamilton County,IL,17065
11497,Hancock County,IL,17067
11517,Hardin County,IL,17069
11522,Henderson County,IL,17071
11532,Henry County,IL,17073
11556,Iroquois County,IL,17075
11584,Jackson County,IL,17077
11604,Jasper County,IL,17079
11619,Jefferson County,IL,17081
11638,Jersey County,IL,17083
11650,Jo Daviess County,IL,17085
11665,Johnson County,IL,17087
11679,Kane County,IL,17089
11720,Kankakee County,IL,17091
11742,Kendall County,IL,17093
11762,Knox County,IL,17095
11787,Lake County,IL,17097
11828,LaSalle County,IL,17099
11860,Lawrence County,IL,17101
11866,Lee County,IL,17103
11890,Livingston County,IL,17105
11919,Logan County,IL,17107
11939,McDonough County,IL,17109
11957,McHenry County,IL,17111
11983,McLean County,IL,17113
12022,Macon County,IL,17115
12051,Macoupin County,IL,17117
12082,Madison County,IL,17119
12120,Marion County,IL,17121
12138,Marshall County,IL,17123
12156,Mason County,IL,17125
12168,Massac County,IL,17127
12176,Menard County,IL,17129
12185,Mercer County,IL,17131
12202,Monroe County,IL,17133
12213,Montgomery County,IL,17135
12242,Morgan County,IL,17137
12261,Moultrie County,IL,17139
12269,Ogle County,IL,17141
12295,Peoria County,IL,17143
12345,Perry County,IL,17145
12358,Piatt County,IL,17147
12374,Pike County,IL,17149
12389,Pope County,IL,17151
12398,Pulaski County,IL,17153
12409,Putnam County,IL,17155
12417,Randolph County,IL,17157
12436,Richland County,IL,17159
12445,Rock Island County,IL,17161
12470,St. Clair County,IL,17163
12508,Saline County,IL,17165
12520,Sangamon County,IL,17167
12574,Schuyler County,IL,17169
12581,Scott County,IL,17171
12591,Shelby County,IL,17173
12608,Stark County,IL,17175
12617,Stephenson County,IL,17177
12636,Tazewell County,IL,17179
12661,Union County,IL,17181
12674,Vermilion County,IL,17183
12701,Wabash County,IL,17185
12708,Warren County,IL,17187
12724,Washington County,IL,17189
12738,Wayne County,IL,17191
12751,White County,IL,17193
12763,Whiteside County,IL,17195
12778,Will County,IL,17197
12826,Williamson County,IL,17199
12846,Winnebago County,IL,17201
12881,Woodford County,IL,17203
12900,Adams County,IN,18001
12913,Allen County,IN,18003
12970,Bartholomew County,IN,18005
12986,Benton County,IN,18007
12997,Blackford County,IN,18009
13006,Boone County,IN,18011
13024,Brown County,IN,18013
13034,Carroll County,IN,18015
13053,Cass County,IN,18017
13066,Clark County,IN,18019
13086,Clay County,IN,18021
13103,Clinton County,IN,18023
13116,Crawford County,IN,18025
13126,Daviess County,IN,18027
13133,Dearborn County,IN,18029
13142,Decatur County,IN,18031
13151,DeKalb County,IN,18033
13166,Delaware County,IN,18035
13189,Dubois County,IN,18037
13204,Elkhart County,IN,18039
13222,Fayette County,IN,18041
13231,Floyd County,IN,18043
13243,Fountain County,IN,18045
13253,Franklin County,IN,18047
13268,Fulton County,IN,18049
13284,Gibson County,IN,18051
13301,Grant County,IN,18053
13318,Greene County,IN,18055
13336,Hamilton County,IN,18057
13364,Hancock County,IN,18059
13380,Harrison County,IN,18061
13398,Hendricks County,IN,18063
13419,Henry County,IN,18065
13442,Howard County,IN,18067
13459,Huntington County,IN,18069
13469,Jackson County,IN,18071
13479,Jasper County,IN,18073
13493,Jay County,IN,18075
13503,Jefferson County,IN,18077
13514,Jennings County,IN,18079
13527,Johnson County,IN,18081
13540,Knox County,IN,18083
13553,Kosciusko County,IN,18085
13576,LaGrange County,IN,18087
13590,Lake County,IN,18089
13623,LaPorte County,IN,18091
13639,Lawrence County,IN,18093
13652,Madison County,IN,18095
13672,Marion County,IN,18097
13727,Marshall County,IN,18099
13743,Martin County,IN,18101
13752,Miami County,IN,18103
13770,Monroe County,IN,18105
13793,Montgomery County,IN,18107
13810,Morgan County,IN,18109
13824,Newton County,IN,18111
13838,Noble County,IN,18113
13857,Ohio County,IN,18115
13862,Orange County,IN,18117
13875,Owen County,IN,18119
13889,Parke County,IN,18121
13903,Perry County,IN,18123
13917,Pike County,IN,18125
13929,Porter County,IN,18127
13945,Posey County,IN,18129
13953,Pulaski County,IN,18131
13966,Putnam County,IN,18133
13982,Randolph County,IN,18135
13997,Ripley County,IN,18137
14014,Rush County,IN,18139
14030,St. Joseph County,IN,18141
14060,Scott County,IN,18143
14068,Shelby County,IN,18145
14084,Spencer County,IN,18147
14103,Starke County,IN,18149
14113,Steuben County,IN,18151
14123,Sullivan County,IN,18153
14134,Switzerland County,IN,18155
14144,Tippecanoe County,IN,18157
14168,Tipton County,IN,18159
14180,Union County,IN,18161
14185,Vanderburgh County,IN,18163
14222,Vermillion County,IN,18165
14233,Vigo County,IN,18167
14256,Wabash County,IN,18169
14274,Warren County,IN,18171
14285,Warrick County,IN,18173
14297,Washington County,IN,18175
14310,Wayne County,IN,18177
14330,Wells County,IN,18179
14349,White County,IN,18181
14367,Whitley County,IN,18183
14376,Adair County,IA,19001
14390,Adams County,IA,19003
14400,Allamakee County,IA,19005
14410,Appanoose County,IA,19007
14421,Audubon County,IA,19009
14434,Benton County,IA,19011
14459,Black Hawk County,IA,19013
14480,Boone County,IA,19015
14500,Bremer County,IA,19017
14514,Buchanan County,IA,19019
14530,Buena Vista County,IA,19021
14545,Butler County,IA,19023
14563,Calhoun County,IA,19025
14577,Carroll County,IA,19027
14596,Cass County,IA,19029
14609,Cedar County,IA,19031
14627,Cerro Gordo County,IA,19033
14645,Cherokee County,IA,19035
14662,Chickasaw County,IA,19037
14674,Clarke County,IA,19039
14684,Clay County,IA,19041
14702,Clayton County,IA,19043
14726,Clinton County,IA,19045
14749,Crawford County,IA,19047
14770,Dallas County,IA,19049
14795,Davis County,IA,19051
14806,Decatur County,IA,19053
14816,Delaware County,IA,19055
14834,Des Moines County,IA,19057
14846,Dickinson County,IA,19059
14857,Dubuque County,IA,19061
14880,Emmet County,IA,19063
14887,Fayette County,IA,19065
14911,Floyd County,IA,19067
14924,Franklin County,IA,19069
14941,Fremont County,IA,19071
14954,Greene County,IA,19073
14972,Grundy County,IA,19075
14990,Guthrie County,IA,19077
15007,Hamilton County,IA,19079
15024,Hancock County,IA,19081
15038,Hardin County,IA,19083
15052,Harrison County,IA,19085
15068,Henry County,IA,19087
15083,Howard County,IA,19089
15094,Humboldt County,IA,19091
15112,Ida County,IA,19093
15124,Iowa County,IA,19095
15147,Jackson County,IA,19097
15163,Jasper County,IA,19099
15186,Jefferson County,IA,19101
15202,Johnson County,IA,19103
15229,Jones County,IA,19105
15247,Keokuk County,IA,19107
15267,Kossuth County,IA,19109
15286,Lee County,IA,19111
15300,Linn County,IA,19113
15336,Louisa County,IA,19115
15351,Lucas County,IA,19117
15360,Lyon County,IA,19119
15374,Madison County,IA,19121
15392,Mahaska County,IA,19123
15410,Marion County,IA,19125
15428,Marshall County,IA,19127
15450,Mills County,IA,19129
15462,Mitchell County,IA,19131
15476,Monona County,IA,19133
15491,Monroe County,IA,19135
15499,Montgomery County,IA,19137
15511,Muscatine County,IA,19139
15526,O'Brien County,IA,19141
15542,Osceola County,IA,19143
15551,Page County,IA,19145
15565,Palo Alto County,IA,19147
15580,Plymouth County,IA,19149
15596,Pocahontas County,IA,19151
15613,Polk County,IA,19153
15675,Pottawattamie County,IA,19155
15700,Poweshiek County,IA,19157
15717,Ringgold County,IA,19159
15728,Sac County,IA,19161
15744,Scott County,IA,19163
15769,Shelby County,IA,19165
15791,Sioux County,IA,19167
15810,Story County,IA,19169
15833,Tama County,IA,19171
15853,Taylor County,IA,19173
15864,Union County,IA,19175
15875,Van Buren County,IA,19177
15889,Wapello County,IA,19179
15902,Warren County,IA,19181
15922,Washington County,IA,19183
15935,Wayne County,IA,19185
15949,Webster County,IA,19187
15972,Winnebago County,IA,19189
15985,Winneshiek County,IA,19191
15998,Woodbury County,IA,19193
16027,Worth County,IA,19195
16040,Wright County,IA,19197
16056,Allen County,KS,20001
16069,Anderson County,KS,20003
16081,Atchison County,KS,20005
16091,Barber County,KS,20007
16102,Barton County,KS,20009
16113,Bourbon County,KS,20011
16128,Brown County,KS,20013
16140,Butler County,KS,20015
16162,Chase County,KS,20017
16171,Chautauqua County,KS,20019
16182,Cherokee County,KS,20021
16196,Cheyenne County,KS,20023
16199,Clark County,KS,20025
16204,Clay County,KS,20027
16214,Cloud County,KS,20029
16227,Coffey County,KS,20031
16238,Comanche County,KS,20033
16242,Cowley County,KS,20035
16257,Crawford County,KS,20037
16272,Decatur County,KS,20039
16276,Dickinson County,KS,20041
16288,Doniphan County,KS,20043
16298,Douglas County,KS,20045
16311,Edwards County,KS,20047
16317,Elk County,KS,20049
16326,Ellis County,KS,20051
16338,Ellsworth County,KS,20053
16348,Finney County,KS,20055
16356,Ford County,KS,20057
16366,Franklin County,KS,20059
16379,Geary County,KS,20061
16389,Gove County,KS,20063
16394,Graham County,KS,20065
16400,Grant County,KS,20067
16403,Gray County,KS,20069
16411,Greeley County,KS,20071
16412,Greenwood County,KS,20073
16422,Hamilton County,KS,20075
16425,Harper County,KS,20077
16435,Harvey County,KS,20079
16448,Haskell County,KS,20081
16453,Hodgeman County,KS,20083
16461,Jackson County,KS,20085
16481,Jefferson County,KS,20087
16496,Jewell County,KS,20089
16506,Johnson County,KS,20091
16551,Kearny County,KS,20093
16555,Kingman County,KS,20095
16566,Kiowa County,KS,20097
16571,Labette County,KS,20099
16584,Lane County,KS,20101
16587,Leavenworth County,KS,20103
16600,Lincoln County,KS,20105
16606,Linn County,KS,20107
16619,Logan County,KS,20109
16626,Lyon County,KS,20111
16637,McPherson County,KS,20113
16649,Marion County,KS,20115
16667,Marshall County,KS,20117
16681,Meade County,KS,20119
16686,Miami County,KS,20121
16700,Mitchell County,KS,20123
16707,Montgomery County,KS,20125
16717,Morris County,KS,20127
16725,Morton County,KS,20129
16728,Nemaha County,KS,20131
16742,Neosho County,KS,20133
16753,Ness County,KS,20135
16760,Norton County,KS,20137
16765,Osage County,KS,20139
16780,Osborne County,KS,20141
16790,Ottawa County,KS,20143
16804,Pawnee County,KS,20145
16811,Phillips County,KS,20147
16820,Pottawatomie County,KS,20149
16832,Pratt County,KS,20151
16842,Rawlins County,KS,20153
16848,Reno County,KS,20155
16871,Republic County,KS,20157
16883,Rice County,KS,20159
16897,Riley County,KS,20161
16911,Rooks County,KS,20163
16922,Rush County,KS,20165
16932,Russell County,KS,20167
16943,Saline County,KS,20169
16953,Scott County,KS,20171
16957,Sedgwick County,KS,20173
17016,Seward County,KS,20175
17024,Shawnee County,KS,20177
17066,Sheridan County,KS,20179
17070,Sherman County,KS,20181
17074,Smith County,KS,20183
17082,Stafford County,KS,20185
17088,Stanton County,KS,20187
17091,Stevens County,KS,20189
17094,Sumner County,KS,20191
17112,Thomas County,KS,20193
17120,Trego County,KS,20195
17127,Wabaunsee County,KS,20197
17142,Wallace County,KS,20199
17145,Washington County,KS,20201
17160,Wichita County,KS,20203
17162,Wilson County,KS,20205
17172,Woodson County,KS,20207
17182,Wyandotte County,KS,20209
17201,Adair County,KY,21001
17214,Allen County,KY,21003
17221,Anderson County,KY,21005
17228,Ballard County,KY,21007
17234,Barren County,KY,21009
17249,Bath County,KY,21011
17260,Bell County,KY,21013
17273,Boone County,KY,21015
17286,Bourbon County,KY,21017
17296,Boyd County,KY,21019
17303,Boyle County,KY,21021
17310,Bracken County,KY,21023
17318,Breathitt County,KY,21025
17332,Breckinridge County,KY,21027
17353,Bullitt County,KY,21029
17367,Butler County,KY,21031
17380,Caldwell County,KY,21033
17385,Calloway County,KY,21035
17395,Campbell County,KY,21037
17407,Carlisle County,KY,21039
17411,Carroll County,KY,21041
17419,Carter County,KY,21043
17433,Casey County,KY,21045
17451,Christian County,KY,21047
17466,Clark County,KY,21049
17472,Clay County,KY,21051
17487,Clinton County,KY,21053
17490,Crittenden County,KY,21055
17497,Cumberland County,KY,21057
17503,Daviess County,KY,21059
17517,Edmonson County,KY,21061
17529,Elliott County,KY,21063
17535,Estill County,KY,21065
17540,Fayette County,KY,21067
17579,Fleming County,KY,21069
17589,Floyd County,KY,21071
17626,Franklin County,KY,21073
17635,Fulton County,KY,21075
17637,Gallatin County,KY,21077
17644,Garrard County,KY,21079
17650,Grant County,KY,21081
17658,Graves County,KY,21083
17677,Grayson County,KY,21085
17691,Green County,KY,21087
17703,Greenup County,KY,21089
17716,Hancock County,KY,21091
17722,Hardin County,KY,21093
17742,Harlan County,KY,21095
17770,Harrison County,KY,21097
17775,Hart County,KY,21099
17786,Henderson County,KY,21101
17797,Henry County,KY,21103
17811,Hickman County,KY,21105
17819,Hopkins County,KY,21107
17832,Jackson County,KY,21109
17841,Jefferson County,KY,21111
17908,Jessamine County,KY,21113
17914,Johnson County,KY,21115
17935,Kenton County,KY,21117
17950,Knott County,KY,21119
17975,Knox County,KY,21121
17993,Larue County,KY,21123
18002,Laurel County,KY,21125
18016,Lawrence County,KY,21127
18028,Lee County,KY,21129
18036,Leslie County,KY,21131
18060,Letcher County,KY,21133
18086,Lewis County,KY,21135
18096,Lincoln County,KY,21137
18107,Livingston County,KY,21139
18115,Logan County,KY,21141
18123,Lyon County,KY,21143
18129,McCracken County,KY,21145
18138,McCreary County,KY,21147
18146,McLean County,KY,21149
18155,Madison County,KY,21151
18163,Magoffin County,KY,21153
18170,Marion County,KY,21155
18182,Marshall County,KY,21157
18191,Martin County,KY,21159
18200,Mason County,KY,21161
18207,Meade County,KY,21163
18218,Menifee County,KY,21165
18224,Mercer County,KY,21167
18231,Metcalfe County,KY,21169
18241,Monroe County,KY,21171
18249,Montgomery County,KY,21173
18256,Morgan County,KY,21175
18269,Muhlenberg County,KY,21177
18287,Nelson County,KY,21179
18299,Nicholas County,KY,21181
18305,Ohio County,KY,21183
18322,Oldham County,KY,21185
18335,Owen County,KY,21187
18346,Owsley County,KY,21189
18351,Pendleton County,KY,21191
18360,Perry County,KY,21193
18386,Pike County,KY,21195
18431,Powell County,KY,21197
18438,Pulaski County,KY,21199
18457,Robertson County,KY,21201
18461,Rockcastle County,KY,21203
18469,Rowan County,KY,21205
18477,Russell County,KY,21207
18485,Scott County,KY,21209
18493,Shelby County,KY,21211
18509,Simpson County,KY,21213
18515,Spencer County,KY,21215
18522,Taylor County,KY,21217
18530,Todd County,KY,21219
18543,Trigg County,KY,21221
18549,Trimble County,KY,21223
18553,Union County,KY,21225
18559,Warren County,KY,21227
18570,Washington County,KY,21229
18580,Wayne County,KY,21231
18587,Webster County,KY,21233
18598,Whitley County,KY,21235
18608,Wolfe County,KY,21237
18613,Woodford County,KY,21239
18619,Acadia Parish,LA,22001
18634,Allen Parish,LA,22003
18647,Ascension Parish,LA,22005
18657,Assumption Parish,LA,22007
18666,Avoyelles Parish,LA,22009
18685,Beauregard Parish,LA,22011
18694,Bienville Parish,LA,22013
18708,Bossier Parish,LA,22015
18730,Caddo Parish,LA,22017
18769,Calcasieu Parish,LA,22019
18789,Caldwell Parish,LA,22021
18794,Cameron Parish,LA,22023
18803,Catahoula Parish,LA,22025
18813,Claiborne Parish,LA,22027
18824,Concordia Parish,LA,22029
18830,De Soto Parish,LA,22031
18839,East Baton Rouge Parish,LA,22033
18880,East Carroll Parish,LA,22035
18884,East Feliciana Parish,LA,22037
18891,Evangeline Parish,LA,22039
18905,Franklin Parish,LA,22041
18916,Grant Parish,LA,22043
18924,Iberia Parish,LA,22045
18936,Iberville Parish,LA,22047
18945,Jackson Parish,LA,22049
18954,Jefferson Parish,LA,22051
18986,Jefferson Davis Parish,LA,22053
18997,Lafayette Parish,LA,22055
19019,Lafourche Parish,LA,22057
19034,La Salle Parish,LA,22059
19042,Lincoln Parish,LA,22061
19054,Livingston Parish,LA,22063
19071,Madison Parish,LA,22065
19075,Morehouse Parish,LA,22067
19082,Natchitoches Parish,LA,22069
19106,Orleans Parish,LA,22071
19151,Ouachita Parish,LA,22073
19172,Plaquemines Parish,LA,22075
19181,Pointe Coupee Parish,LA,22077
19198,Rapides Parish,LA,22079
19234,Red River Parish,LA,22081
19239,Richland Parish,LA,22083
19247,Sabine Parish,LA,22085
19261,St. Bernard Parish,LA,22087
19267,St. Charles Parish,LA,22089
19278,St. Helena Parish,LA,22091
19286,St. James Parish,LA,22093
19295,St. John the Baptist Parish,LA,22095
19302,St. Landry Parish,LA,22097
19322,St. Martin Parish,LA,22099
19332,St. Mary Parish,LA,22101
19343,St. Tammany Parish,LA,22103
19365,Tangipahoa Parish,LA,22105
19385,Tensas Parish,LA,22107
19391,Terrebonne Parish,LA,22109
19405,Union Parish,LA,22111
19415,Vermilion Parish,LA,22113
19426,Vernon Parish,LA,22115
19442,Washington Parish,LA,22117
19447,Webster Parish,LA,22119
19460,West Baton Rouge Parish,LA,22121
19467,West Carroll Parish,LA,22123
19473,West Feliciana Parish,LA,22125
19479,Winn Parish,LA,22127
19493,Androscoggin County,ME,23001
19522,Aroostook County,ME,23003
19569,Cumberland County,ME,23005
19622,Franklin County,ME,23007
19644,Hancock County,ME,23009
19689,Kennebec County,ME,23011
19730,Knox County,ME,23013
19752,Lincoln County,ME,23015
19781,Oxford County,ME,23017
19818,Penobscot County,ME,23019
19867,Piscataquis County,ME,23021
19882,Sagadahoc County,ME,23023
19893,Somerset County,ME,23025
19924,Waldo County,ME,23027
19945,Washington County,ME,23029
19977,York County,ME,23031
20022,Allegany County,MD,24001
20045,Anne Arundel County,MD,24003
20093,Baltimore County,MD,24005
20162,Calvert County,MD,24009
20177,Caroline County,MD,24011
20188,Carroll County,MD,24013
20203,Cecil County,MD,24015
20220,Charles County,MD,24017
20247,Dorchester County,MD,24019
20264,Frederick County,MD,24021
20302,Garrett County,MD,24023
20315,Harford County,MD,24025
20340,Howard County,MD,24027
20368,Kent County,MD,24029
20379,Montgomery County,MD,24031
20459,Prince George's County,MD,24033
20530,Queen Anne's County,MD,24035
20548,St. Mary's County,MD,24037
20577,Somerset County,MD,24039
20590,Talbot County,MD,24041
20606,Washington County,MD,24043
20631,Wicomico County,MD,24045
20650,Worcester County,MD,24047
20664,Baltimore city,MD,24510
20703,Barnstable County,MA,25001
20759,Berkshire County,MA,25003
20801,Bristol County,MA,25005
20848,Dukes County,MA,25007
20855,Essex County,MA,25009
20914,Franklin County,MA,25011
20951,Hampden County,MA,25013
21006,Hampshire County,MA,25015
21039,Middlesex County,MA,25017
21147,Nantucket County,MA,25019
21150,Norfolk County,MA,25021
21207,Plymouth County,MA,25023
21272,Suffolk County,MA,25025
21322,Worcester County,MA,25027
21425,Alcona County,MI,26001
21437,Alger County,MI,26003
21449,Allegan County,MI,26005
21476,Alpena County,MI,26007
21484,Antrim County,MI,26009
21500,Arenac County,MI,26011
21511,Baraga County,MI,26013
21519,Barry County,MI,26015
21537,Bay County,MI,26017
21555,Benzie County,MI,26019
21567,Berrien County,MI,26021
21592,Branch County,MI,26023
21605,Calhoun County,MI,26025
21629,Cass County,MI,26027
21643,Charlevoix County,MI,26029
21653,Cheboygan County,MI,26031
21669,Chippewa County,MI,26033
21687,Clare County,MI,26035
21696,Clinton County,MI,26037
21716,Crawford County,MI,26039
21720,Delta County,MI,26041
21733,Dickinson County,MI,26043
21746,Eaton County,MI,26045
21766,Emmet County,MI,26047
21778,Genesee County,MI,26049
21817,Gladwin County,MI,26051
21824,Gogebic County,MI,26053
21830,Grand Traverse County,MI,26055
21844,Gratiot County,MI,26057
21868,Hillsdale County,MI,26059
21890,Houghton County,MI,26061
21908,Huron County,MI,26063
21926,Ingham County,MI,26065
21957,Ionia County,MI,26067
21978,Iosco County,MI,26069
21991,Iron County,MI,26071
22000,Isabella County,MI,26073
22017,Jackson County,MI,26075
22048,Kalamazoo County,MI,26077
22079,Kalkaska County,MI,26079
22087,Kent County,MI,26081
22137,Keweenaw County,MI,26083
22143,Lake County,MI,26085
22154,Lapeer County,MI,26087
22176,Leelanau County,MI,26089
22188,Lenawee County,MI,26091
22211,Livingston County,MI,26093
22233,Luce County,MI,26095
22235,Mackinac County,MI,26097
22249,Macomb County,MI,26099
22293,Manistee County,MI,26101
22309,Marquette County,MI,26103
22326,Mason County,MI,26105
22336,Mecosta County,MI,26107
22353,Menominee County,MI,26109
22368,Midland County,MI,26111
22388,Missaukee County,MI,26113
22397,Monroe County,MI,26115
22422,Montcalm County,MI,26117
22448,Montmorency County,MI,26119
22453,Muskegon County,MI,26121
22474,Newaygo County,MI,26123
22495,Oakland County,MI,26125
22588,Oceana County,MI,26127
22600,Ogemaw County,MI,26129
22610,Ontonagon County,MI,26131
22620,Osceola County,MI,26133
22630,Oscoda County,MI,26135
22638,Otsego County,MI,26137
22647,Ottawa County,MI,26139
22675,Presque Isle County,MI,26141
22683,Roscommon County,MI,26143
22690,Saginaw County,MI,26145
22726,St. Clair County,MI,26147
22752,St. Joseph County,MI,26149
22767,Sanilac County,MI,26151
22791,Schoolcraft County,MI,26153
22798,Shiawassee County,MI,26155
22819,Tuscola County,MI,26157
22842,Van Buren County,MI,26159
22866,Washtenaw County,MI,26161
22899,Wayne County,MI,26163
22982,Wexford County,MI,26165
22994,Aitkin County,MN,27001
23008,Anoka County,MN,27003
23030,Becker County,MN,27005
23051,Beltrami County,MN,27007
23069,Benton County,MN,27009
23081,Big Stone County,MN,27011
23091,Blue Earth County,MN,27013
23111,Brown County,MN,27015
23124,Carlton County,MN,27017
23139,Carver County,MN,27019
23158,Cass County,MN,27021
23184,Chippewa County,MN,27023
23195,Chisago County,MN,27025
23210,Clay County,MN,27027
23229,Clearwater County,MN,27029
23237,Cook County,MN,27031
23243,Cottonwood County,MN,27033
23257,Crow Wing County,MN,27035
23276,Dakota County,MN,27037
23302,Dodge County,MN,27039
23313,Douglas County,MN,27041
23331,Faribault County,MN,27043
23346,Fillmore County,MN,27045
23362,Freeborn County,MN,27047
23381,Goodhue County,MN,27049
23398,Grant County,MN,27051
23408,Hennepin County,MN,27053
23492,Houston County,MN,27055
23501,Hubbard County,MN,27057
23513,Isanti County,MN,27059
23528,Itasca County,MN,27061
23560,Jackson County,MN,27063
23574,Kanabec County,MN,27065
23583,Kandiyohi County,MN,27067
23601,Kittson County,MN,27069
23611,Koochiching County,MN,27071
23626,Lac qui Parle County,MN,27073
23636,Lake County,MN,27075
23644,Lake of the Woods County,MN,27077
23649,Le Sueur County,MN,27079
23662,Lincoln County,MN,27081
23668,Lyon County,MN,27083
23684,McLeod County,MN,27085
23700,Mahnomen County,MN,27087
23707,Marshall County,MN,27089
23722,Martin County,MN,27091
23737,Meeker County,MN,27093
23749,Mille Lacs County,MN,27095
23762,Morrison County,MN,27097
23785,Mower County,MN,27099
23804,Murray County,MN,27101
23821,Nicollet County,MN,27103
23832,Nobles County,MN,27105
23851,Norman County,MN,27107
23865,Olmsted County,MN,27109
23887,Otter Tail County,MN,27111
23924,Pennington County,MN,27113
23929,Pine County,MN,27115
23947,Pipestone County,MN,27117
23955,Polk County,MN,27119
23978,Pope County,MN,27121
23992,Ramsey County,MN,27123
24020,Red Lake County,MN,27125
24025,Redwood County,MN,27127
24048,Renville County,MN,27129
24064,Rice County,MN,27131
24080,Rock County,MN,27133
24092,Roseau County,MN,27135
24101,St. Louis County,MN,27137
24153,Scott County,MN,27139
24165,Sherburne County,MN,27141
24175,Sibley County,MN,27143
24191,Stearns County,MN,27145
24230,Steele County,MN,27147
24243,Stevens County,MN,27149
24250,Swift County,MN,27151
24261,Todd County,MN,27153
24281,Traverse County,MN,27155
24291,Wabasha County,MN,27157
24304,Wadena County,MN,27159
24311,Waseca County,MN,27161
24324,Washington County,MN,27163
24348,Watonwan County,MN,27165
24360,Wilkin County,MN,27167
24369,Winona County,MN,27169
24383,Wright County,MN,27171
24405,Yellow Medicine County,MN,27173
24421,Adams County,MS,28001
24427,Alcorn County,MS,28003
24432,Amite County,MS,28005
24441,Attala County,MS,28007
24448,Benton County,MS,28009
24459,Bolivar County,MS,28011
24477,Calhoun County,MS,28013
24489,Carroll County,MS,28015
24500,Chickasaw County,MS,28017
24509,Choctaw County,MS,28019
24518,Claiborne County,MS,28021
24523,Clarke County,MS,28023
24533,Clay County,MS,28025
24541,Coahoma County,MS,28027
24553,Copiah County,MS,28029
24564,Covington County,MS,28031
24573,DeSoto County,MS,28033
24584,Forrest County,MS,28035
24596,Franklin County,MS,28037
24602,George County,MS,28039
24605,Greene County,MS,28041
24612,Grenada County,MS,28043
24622,Hancock County,MS,28045
24635,Harrison County,MS,28047
24653,Hinds County,MS,28049
24690,Holmes County,MS,28051
24698,Humphreys County,MS,28053
24705,Issaquena County,MS,28055
24711,Itawamba County,MS,28057
24723,Jackson County,MS,28059
24738,Jasper County,MS,28061
24753,Jefferson County,MS,28063
24759,Jefferson Davis County,MS,28065
24769,Jones County,MS,28067
24783,Kemper County,MS,28069
24794,Lafayette County,MS,28071
24807,Lamar County,MS,28073
24814,Lauderdale County,MS,28075
24827,Lawrence County,MS,28077
24835,Leake County,MS,28079
24844,Lee County,MS,28081
24862,Leflore County,MS,28083
24872,Lincoln County,MS,28085
24886,Lowndes County,MS,28087
24898,Madison County,MS,28089
24911,Marion County,MS,28091
24919,Marshall County,MS,28093
24929,Monroe County,MS,28095
24943,Montgomery County,MS,28097
24950,Neshoba County,MS,28099
24957,Newton County,MS,28101
24968,Noxubee County,MS,28103
24973,Oktibbeha County,MS,28105
24982,Panola County,MS,28107
24995,Pearl River County,MS,28109
25002,Perry County,MS,28111
25010,Pike County,MS,28113
25020,Pontotoc County,MS,28115
25037,Prentiss County,MS,28117
25045,Quitman County,MS,28119
25055,Rankin County,MS,28121
25075,Scott County,MS,28123
25088,Sharkey County,MS,28125
25094,Simpson County,MS,28127
25103,Smith County,MS,28129
25115,Stone County,MS,28131
25121,Sunflower County,MS,28133
25137,Tallahatchie County,MS,28135
25153,Tate County,MS,28137
25160,Tippah County,MS,28139
25170,Tishomingo County,MS,28141
25177,Tunica County,MS,28143
25183,Union County,MS,28145
25194,Walthall County,MS,28147
25201,Warren County,MS,28149
25207,Washington County,MS,28151
25222,Wayne County,MS,28153
25230,Webster County,MS,28155
25241,Wilkinson County,MS,28157
25245,Winston County,MS,28159
25254,Yalobusha County,MS,28161
25260,Yazoo County,MS,28163
25272,Adair County,MO,29001
25280,Andrew County,MO,29003
25297,Atchison County,MO,29005
25304,Audrain County,MO,29007
25317,Barry County,MO,29009
25334,Barton County,MO,29011
25343,Bates County,MO,29013
25354,Benton County,MO,29015
25363,Bollinger County,MO,29017
25372,Boone County,MO,29019
25391,Buchanan County,MO,29021
25409,Butler County,MO,29023
25420,Caldwell County,MO,29025
25431,Callaway County,MO,29027
25451,Camden County,MO,29029
25467,Cape Girardeau County,MO,29031
25489,Carroll County,MO,29033
25499,Carter County,MO,29035
25504,Cass County,MO,29037
25522,Cedar County,MO,29039
25532,Chariton County,MO,29041
25545,Christian County,MO,29043
25569,Clark County,MO,29045
25578,Clay County,MO,29047
25611,Clinton County,MO,29049
25623,Cole County,MO,29051
25638,Cooper County,MO,29053
25652,Crawford County,MO,29055
25665,Dade County,MO,29057
25678,Dallas County,MO,29059
25691,Daviess County,MO,29061
25708,DeKalb County,MO,29063
25718,Dent County,MO,29065
25728,Douglas County,MO,29067
25735,Dunklin County,MO,29069
25750,Franklin County,MO,29071
25773,Gasconade County,MO,29073
25784,Gentry County,MO,29075
25795,Greene County,MO,29077
25825,Grundy County,MO,29079
25832,Harrison County,MO,29081
25845,Henry County,MO,29083
25856,Hickory County,MO,29085
25864,Holt County,MO,29087
25870,Howard County,MO,29089
25879,Howell County,MO,29091
25891,Iron County,MO,29093
25902,Jackson County,MO,29095
25981,Jasper County,MO,29097
26002,Jefferson County,MO,29099
26031,Johnson County,MO,29101
26051,Knox County,MO,29103
26058,Laclede County,MO,29105
26071,Lafayette County,MO,29107
26087,Lawrence County,MO,29109
26108,Lewis County,MO,29111
26119,Lincoln County,MO,29113
26136,Linn County,MO,29115
26152,Livingston County,MO,29117
26164,McDonald County,MO,29119
26179,Macon County,MO,29121
26195,Madison County,MO,29123
26202,Maries County,MO,29125
26212,Marion County,MO,29127
26222,Mercer County,MO,29129
26225,Miller County,MO,29131
26244,Mississippi County,MO,29133
26251,Moniteau County,MO,29135
26266,Monroe County,MO,29137
26277,Montgomery County,MO,29139
26288,Morgan County,MO,29141
26305,New Madrid County,MO,29143
26319,Newton County,MO,29145
26336,Nodaway County,MO,29147
26354,Oregon County,MO,29149
26359,Osage County,MO,29151
26375,Ozark County,MO,29153
26393,Pemiscot County,MO,29155
26407,Perry County,MO,29157
26419,Pettis County,MO,29159
26437,Phelps County,MO,29161
26449,Pike County,MO,29163
26461,Platte County,MO,29165
26484,Polk County,MO,29167
26503,Pulaski County,MO,29169
26514,Putnam County,MO,29171
26523,Ralls County,MO,29173
26533,Randolph County,MO,29175
26543,Ray County,MO,29177
26555,Reynolds County,MO,29179
26565,Ripley County,MO,29181
26571,St. Charles County,MO,29183
26589,St. Clair County,MO,29185
26601,Ste. Genevieve County,MO,29186
26609,St. Francois County,MO,29187
26626,St. Louis County,MO,29189
26681,Saline County,MO,29195
26695,Schuyler County,MO,29197
26701,Scotland County,MO,29199
26706,Scott County,MO,29201
26720,Shannon County,MO,29203
26727,Shelby County,MO,29205
26735,Stoddard County,MO,29207
26749,Stone County,MO,29209
26767,Sullivan County,MO,29211
26780,Taney County,MO,29213
26802,Texas County,MO,29215
26824,Vernon County,MO,29217
26838,Warren County,MO,29219
26851,Washington County,MO,29221
26869,Wayne County,MO,29223
26881,Webster County,MO,29225
26893,Worth County,MO,29227
26898,Wright County,MO,29229
26910,St. Louis city,MO,29510
26948,Beaverhead County,MT,30001
26957,Big Horn County,MT,30003
26970,Blaine County,MT,30005
26980,Broadwater County,MT,30007
26988,Carbon County,MT,30009
27001,Carter County,MT,30011
27006,Cascade County,MT,30013
27027,Chouteau County,MT,30015
27041,Custer County,MT,30017
27047,Daniels County,MT,30019
27054,Dawson County,MT,30021
27061,Deer Lodge County,MT,30023
27065,Fallon County,MT,30025
27071,Fergus County,MT,30027
27083,Flathead County,MT,30029
27103,Gallatin County,MT,30031
27118,Garfield County,MT,30033
27123,Glacier County,MT,30035
27128,Golden Valley County,MT,30037
27132,Granite County,MT,30039
27137,Hill County,MT,30041
27144,Jefferson County,MT,30043
27154,Judith Basin County,MT,30045
27163,Lake County,MT,30047
27178,Lewis and Clark County,MT,30049
27195,Liberty County,MT,30051
27201,Lincoln County,MT,30053
27208,McCone County,MT,30055
27214,Madison County,MT,30057
27228,Meagher County,MT,30059
27232,Mineral County,MT,30061
27238,Missoula County,MT,30063
27257,Musselshell County,MT,30065
27262,Park County,MT,30067
27273,Petroleum County,MT,30069
27275,Phillips County,MT,30071
27281,Pondera County,MT,30073
27287,Powder River County,MT,30075
27292,Powell County,MT,30077
27300,Prairie County,MT,30079
27307,Ravalli County,MT,30081
27317,Richland County,MT,30083
27323,Roosevelt County,MT,30085
27330,Rosebud County,MT,30087
27341,Sanders County,MT,30089
27351,Sheridan County,MT,30091
27361,Silver Bow County,MT,30093
27371,Stillwater County,MT,30095
27384,Sweet Grass County,MT,30097
27391,Teton County,MT,30099
27400,Toole County,MT,30101
27412,Treasure County,MT,30103
27416,Valley County,MT,30105
27429,Wheatland County,MT,30107
27434,Wibaux County,MT,30109
27435,Yellowstone County,MT,30111
27456,Adams County,NE,31001
27471,Antelope County,NE,31003
27483,Arthur County,NE,31005
27490,Banner County,NE,31007
27492,Blaine County,NE,31009
27496,Boone County,NE,31011
27504,Box Butte County,NE,31013
27507,Boyd County,NE,31015
27512,Brown County,NE,31017
27517,Buffalo County,NE,31019
27534,Burt County,NE,31021
27542,Butler County,NE,31023
27555,Cass County,NE,31025
27574,Cedar County,NE,31027
27587,Chase County,NE,31029
27594,Cherry County,NE,31031
27608,Cheyenne County,NE,31033
27613,Clay County,NE,31035
27628,Colfax County,NE,31037
27635,Cuming County,NE,31039
27645,Custer County,NE,31041
27663,Dakota County,NE,31043
27671,Dawes County,NE,31045
27677,Dawson County,NE,31047
27689,Deuel County,NE,31049
27691,Dixon County,NE,31051
27703,Dodge County,NE,31053
27714,Douglas County,NE,31055
27764,Dundy County,NE,31057
27769,Fillmore County,NE,31059
27783,Franklin County,NE,31061
27791,Frontier County,NE,31063
27801,Furnas County,NE,31065
27810,Gage County,NE,31067
27830,Garden County,NE,31069
27841,Garfield County,NE,31071
27844,Gosper County,NE,31073
27854,Grant County,NE,31075
27857,Greeley County,NE,31077
27862,Hall County,NE,31079
27875,Hamilton County,NE,31081
27889,Harlan County,NE,31083
27898,Hayes County,NE,31085
27904,Hitchcock County,NE,31087
27911,Holt County,NE,31089
27923,Hooker County,NE,31091
27925,Howard County,NE,31093
27938,Jefferson County,NE,31095
27952,Johnson County,NE,31097
27962,Kearney County,NE,31099
27976,Keith County,NE,31101
27984,Keya Paha County,NE,31103
27986,Kimball County,NE,31105
27989,Knox County,NE,31107
28000,Lancaster County,NE,31109
28050,Lincoln County,NE,31111
28066,Logan County,NE,31113
28068,Loup County,NE,31115
28072,McPherson County,NE,31117
28076,Madison County,NE,31119
28085,Merrick County,NE,31121
28095,Morrill County,NE,31123
28103,Nance County,NE,31125
28111,Nemaha County,NE,31127
28122,Nuckolls County,NE,31129
28133,Otoe County,NE,31131
28155,Pawnee County,NE,31133
28164,Perkins County,NE,31135
28173,Phelps County,NE,31137
28183,Pierce County,NE,31139
28194,Platte County,NE,31141
28207,Polk County,NE,31143
28216,Red Willow County,NE,31145
28223,Richardson County,NE,31147
28232,Rock County,NE,31149
28236,Saline County,NE,31151
28248,Sarpy County,NE,31153
28262,Saunders County,NE,31155
28280,Scotts Bluff County,NE,31157
28288,Seward County,NE,31159
28307,Sheridan County,NE,31161
28317,Sherman County,NE,31163
28325,Sioux County,NE,31165
28334,Stanton County,NE,31167
28342,Thayer County,NE,31169
28354,Thomas County,NE,31171
28358,Thurston County,NE,31173
28368,Valley County,NE,31175
28373,Washington County,NE,31177
28388,Wayne County,NE,31179
28399,Webster County,NE,31181
28406,Wheeler County,NE,31183
28412,York County,NE,31185
28426,Churchill County,NV,32001
28430,Clark County,NV,32003
28544,Douglas County,NV,32005
28554,Elko County,NV,32007
28570,Esmeralda County,NV,32009
28573,Eureka County,NV,32011
28576,Humboldt County,NV,32013
28583,Lander County,NV,32015
28585,Lincoln County,NV,32017
28590,Lyon County,NV,32019
28599,Mineral County,NV,32021
28603,Nye County,NV,32023
28614,Pershing County,NV,32027
28618,Storey County,NV,32029
28623,Washoe County,NV,32031
28661,White Pine County,NV,32033
28667,Carson City,NV,32510
28678,Belknap County,NH,33001
28699,Carroll County,NH,33003
28730,Cheshire County,NH,33005
28760,Coos County,NH,33007
28777,Grafton County,NH,33009
28818,Hillsborough County,NH,33011
28859,Merrimack County,NH,33013
28898,Rockingham County,NH,33015
28946,Strafford County,NH,33017
28969,Sullivan County,NH,33019
28990,Atlantic County,NJ,34001
29027,Bergen County,NJ,34003
29103,Burlington County,NJ,34005
29145,Camden County,NJ,34007
29185,Cape May County,NJ,34009
29207,Cumberland County,NJ,34011
29233,Essex County,NJ,34013
29274,Gloucester County,NJ,34015
29306,Hudson County,NJ,34017
29328,Hunterdon County,NJ,34019
29363,Mercer County,NJ,34021
29398,Middlesex County,NJ,34023
29450,Monmouth County,NJ,34025
29511,Morris County,NJ,34027
29576,Ocean County,NJ,34029
29610,Passaic County,NJ,34031
29653,Salem County,NJ,34033
29668,Somerset County,NJ,34035
29705,Sussex County,NJ,34037
29735,Union County,NJ,34039
29774,Warren County,NJ,34041
29796,Bernalillo County,NM,35001
29849,Catron County,NM,35003
29856,Chaves County,NM,35005
29866,Cibola County,NM,35006
29880,Colfax County,NM,35007
29892,Curry County,NM,35009
29903,De Baca County,NM,35011
29905,Dona Ana County,NM,35013
29935,Eddy County,NM,35015
29945,Grant County,NM,35017
29964,Guadalupe County,NM,35019
29970,Harding County,NM,35021
29978,Hidalgo County,NM,35023
29981,Lea County,NM,35025
29993,Lincoln County,NM,35027
30008,Los Alamos County,NM,35028
30010,Luna County,NM,35029
30013,McKinley County,NM,35031
30035,Mora County,NM,35033
30047,Otero County,NM,35035
30065,Quay County,NM,35037
30076,Rio Arriba County,NM,35039
30103,Roosevelt County,NM,35041
30117,Sandoval County,NM,35043
30138,San Juan County,NM,35045
30155,San Miguel County,NM,35047
30172,Santa Fe County,NM,35049
30193,Sierra County,NM,35051
30203,Socorro County,NM,35053
30213,Taos County,NM,35055
30234,Torrance County,NM,35057
30244,Union County,NM,35059
30253,Valencia County,NM,35061
30263,Albany County,NY,36001
30335,Allegany County,NY,36003
30374,Bronx County,NY,36005
30402,Broome County,NY,36007
30441,Cattaraugus County,NY,36009
30481,Cayuga County,NY,36011
30513,Chautauqua County,NY,36013
30552,Chemung County,NY,36015
30575,Chenango County,NY,36017
30603,Clinton County,NY,36019
30631,Columbia County,NY,36021
30671,Cortland County,NY,36023
30688,Delaware County,NY,36025
30734,Dutchess County,NY,36027
30774,Erie County,NY,36029
30864,Essex County,NY,36031
30903,Franklin County,NY,36033
30931,Fulton County,NY,36035
30946,Genesee County,NY,36037
30969,Greene County,NY,36039
31011,Hamilton County,NY,36041
31025,Herkimer County,NY,36043
31055,Jefferson County,NY,36045
31101,Kings County,NY,36047
31152,Lewis County,NY,36049
31175,Livingston County,NY,36051
31209,Madison County,NY,36053
31241,Monroe County,NY,36055
31310,Montgomery County,NY,36057
31330,Nassau County,NY,36059
31412,New York County,NY,36061
31541,Niagara County,NY,36063
31567,Oneida County,NY,36065
31627,Onondaga County,NY,36067
31697,Ontario County,NY,36069
31727,Orange County,NY,36071
31787,Orleans County,NY,36073
31805,Oswego County,NY,36075
31835,Otsego County,NY,36077
31880,Putnam County,NY,36079
31896,Queens County,NY,36081
31978,Rensselaer County,NY,36083
32012,Richmond County,NY,36085
32026,Rockland County,NY,36087
32053,St. Lawrence County,NY,36089
32106,Saratoga County,NY,36091
32133,Schenectady County,NY,36093
32155,Schoharie County,NY,36095
32182,Schuyler County,NY,36097
32204,Seneca County,NY,36099
32219,Steuben County,NY,36101
32258,Suffolk County,NY,36103
32369,Sullivan County,NY,36105
32428,Tioga County,NY,36107
32445,Tompkins County,NY,36109
32466,Ulster County,NY,36111
32532,Warren County,NY,36113
32560,Washington County,NY,36115
32589,Wayne County,NY,36117
32616,Westchester County,NY,36119
32701,Wyoming County,NY,36121
32727,Yates County,NY,36123
32741,Alamance County,NC,37001
32756,Alexander County,NC,37003
32764,Alleghany County,NC,37005
32773,Anson County,NC,37007
32781,Ashe County,NC,37009
32795,Avery County,NC,37011
32809,Beaufort County,NC,37013
32822,Bertie County,NC,37015
32832,Bladen County,NC,37017
32851,Brunswick County,NC,37019
32867,Buncombe County,NC,37021
32901,Burke County,NC,37023
32919,Cabarrus County,NC,37025
32937,Caldwell County,NC,37027
32950,Camden County,NC,37029
32955,Carteret County,NC,37031
32973,Caswell County,NC,37033
32987,Catawba County,NC,37035
33002,Chatham County,NC,37037
33024,Cherokee County,NC,37039
33029,Chowan County,NC,37041
33034,Clay County,NC,37043
33038,Cleveland County,NC,37045
33055,Columbus County,NC,37047
33071,Craven County,NC,37049
33086,Cumberland County,NC,37051
33113,Currituck County,NC,37053
33128,Dare County,NC,37055
33140,Davidson County,NC,37057
33157,Davie County,NC,37059
33163,Duplin County,NC,37061
33182,Durham County,NC,37063
33205,Edgecombe County,NC,37065
33222,Forsyth County,NC,37067
33264,Franklin County,NC,37069
33276,Gaston County,NC,37071
33296,Gates County,NC,37073
33304,Graham County,NC,37075
33307,Granville County,NC,37077
33319,Greene County,NC,37079
33331,Guilford County,NC,37081
33383,Halifax County,NC,37083
33394,Harnett County,NC,37085
33414,Haywood County,NC,37087
33426,Henderson County,NC,37089
33450,Hertford County,NC,37091
33458,Hoke County,NC,37093
33467,Hyde County,NC,37095
33474,Iredell County,NC,37097
33495,Jackson County,NC,37099
33509,Johnston County,NC,37101
33532,Jones County,NC,37103
33542,Lee County,NC,37105
33549,Lenoir County,NC,37107
33559,Lincoln County,NC,37109
33572,McDowell County,NC,37111
33582,Macon County,NC,37113
33590,Madison County,NC,37115
33597,Martin County,NC,37117
33609,Mecklenburg County,NC,37119
33681,Mitchell County,NC,37121
33687,Montgomery County,NC,37123
33698,Moore County,NC,37125
33720,Nash County,NC,37127
33735,New Hanover County,NC,37129
33750,Northampton County,NC,37131
33764,Onslow County,NC,37133
33782,Orange County,NC,37135
33799,Pamlico County,NC,37137
33810,Pasquotank County,NC,37139
33813,Pender County,NC,37141
33826,Perquimans County,NC,37143
33831,Person County,NC,37145
33841,Pitt County,NC,37147
33864,Polk County,NC,37149
33872,Randolph County,NC,37151
33896,Richmond County,NC,37153
33908,Robeson County,NC,37155
33925,Rockingham County,NC,37157
33938,Rowan County,NC,37159
33960,Rutherford County,NC,37161
33978,Sampson County,NC,37163
33999,Scotland County,NC,37165
34007,Stanly County,NC,37167
34021,Stokes County,NC,37169
34037,Surry County,NC,37171
34050,Swain County,NC,37173
34055,Transylvania County,NC,37175
34066,Tyrrell County,NC,37177
34069,Union County,NC,37179
34084,Vance County,NC,37181
34093,Wake County,NC,37183
34154,Warren County,NC,37185
34165,Washington County,NC,37187
34170,Watauga County,NC,37189
34181,Wayne County,NC,37191
34197,Wilkes County,NC,37193
34220,Wilson County,NC,37195
34238,Yadkin County,NC,37197
34244,Yancey County,NC,37199
34250,Adams County,ND,38001
34255,Barnes County,ND,38003
34274,Benson County,ND,38005
34291,Billings County,ND,38007
34297,Bottineau County,ND,38009
34311,Bowman County,ND,38011
34316,Burke County,ND,38013
34325,Burleigh County,ND,38015
34341,Cass County,ND,38017
34380,Cavalier County,ND,38019
34397,Dickey County,ND,38021
34407,Divide County,ND,38023
34416,Dunn County,ND,38025
34428,Eddy County,ND,38027
34435,Emmons County,ND,38029
34443,Foster County,ND,38031
34450,Golden Valley County,ND,38033
34454,Grand Forks County,ND,38035
34478,Grant County,ND,38037
34488,Griggs County,ND,38039
34497,Hettinger County,ND,38041
34500,Kidder County,ND,38043
34511,LaMoure County,ND,38045
34524,Logan County,ND,38047
34531,McHenry County,ND,38049
34551,McIntosh County,ND,38051
34557,McKenzie County,ND,38053
34565,McLean County,ND,38055
34583,Mercer County,ND,38057
34592,Morton County,ND,38059
34601,Mountrail County,ND,38061
34614,Nelson County,ND,38063
34625,Oliver County,ND,38065
34630,Pembina County,ND,38067
34644,Pierce County,ND,38069
34656,Ramsey County,ND,38071
34671,Ransom County,ND,38073
34682,Renville County,ND,38075
34691,Richland County,ND,38077
34709,Rolette County,ND,38079
34717,Sargent County,ND,38081
34727,Sheridan County,ND,38083
34736,Sioux County,ND,38085
34741,Slope County,ND,38087
34748,Stark County,ND,38089
34758,Steele County,ND,38091
34766,Stutsman County,ND,38093
34787,Towner County,ND,38095
34801,Traill County,ND,38097
34814,Walsh County,ND,38099
34830,Ward County,ND,38101
34855,Wells County,ND,38103
34867,Williams County,ND,38105
34880,Adams County,OH,39001
34893,Allen County,OH,39003
34917,Ashland County,OH,39005
34937,Ashtabula County,OH,39007
34959,Athens County,OH,39009
34978,Auglaize County,OH,39011
34998,Belmont County,OH,39013
35032,Brown County,OH,39015
35052,Butler County,OH,39017
35079,Carroll County,OH,39019
35100,Champaign County,OH,39021
35119,Clark County,OH,39023
35142,Clermont County,OH,39025
35165,Clinton County,OH,39027
35181,Columbiana County,OH,39029
35209,Coshocton County,OH,39031
35228,Crawford County,OH,39033
35244,Cuyahoga County,OH,39035
35303,Darke County,OH,39037
35329,Defiance County,OH,39039
35345,Delaware County,OH,39041
35371,Erie County,OH,39043
35386,Fairfield County,OH,39045
35405,Fayette County,OH,39047
35416,Franklin County,OH,39049
35479,Fulton County,OH,39051
35492,Gallia County,OH,39053
35505,Geauga County,OH,39055
35529,Greene County,OH,39057
35556,Guernsey County,OH,39059
35578,Hamilton County,OH,39061
35647,Hancock County,OH,39063
35671,Hardin County,OH,39065
35688,Harrison County,OH,39067
35706,Henry County,OH,39069
35725,Highland County,OH,39071
35740,Hocking County,OH,39073
35757,Holmes County,OH,39075
35777,Huron County,OH,39077
35793,Jackson County,OH,39079
35801,Jefferson County,OH,39081
35826,Knox County,OH,39083
35844,Lake County,OH,39085
35858,Lawrence County,OH,39087
35873,Licking County,OH,39089
35907,Logan County,OH,39091
35926,Lorain County,OH,39093
35951,Lucas County,OH,39095
35993,Madison County,OH,39097
36006,Mahoning County,OH,39099
36048,Marion County,OH,39101
36062,Medina County,OH,39103
36087,Meigs County,OH,39105
36105,Mercer County,OH,39107
36124,Miami County,OH,39109
36143,Monroe County,OH,39111
36161,Montgomery County,OH,39113
36216,Morgan County,OH,39115
36229,Morrow County,OH,39117
36248,Muskingum County,OH,39119
36270,Noble County,OH,39121
36285,Ottawa County,OH,39123
36305,Paulding County,OH,39125
36321,Perry County,OH,39127
36338,Pickaway County,OH,39129
36357,Pike County,OH,39131
36371,Portage County,OH,39133
36400,Preble County,OH,39135
36418,Putnam County,OH,39137
36440,Richland County,OH,39139
36460,Ross County,OH,39141
36477,Sandusky County,OH,39143
36496,Scioto County,OH,39145
36519,Seneca County,OH,39147
36540,Shelby County,OH,39149
36562,Stark County,OH,39151
36613,Summit County,OH,39153
36668,Trumbull County,OH,39155
36701,Tuscarawas County,OH,39157
36729,Union County,OH,39159
36750,Van Wert County,OH,39161
36764,Vinton County,OH,39163
36779,Warren County,OH,39165
36803,Washington County,OH,39167
36828,Wayne County,OH,39169
36854,Williams County,OH,39171
36867,Wood County,OH,39173
36906,Wyandot County,OH,39175
36919,Adair County,OK,40001
36924,Alfalfa County,OK,40003
36933,Atoka County,OK,40005
36945,Beaver County,OK,40007
36950,Beckham County,OK,40009
36958,Blaine County,OK,40011
36968,Bryan County,OK,40013
36983,Caddo County,OK,40015
37000,Canadian County,OK,40017
37016,Carter County,OK,40019
37034,Cherokee County,OK,40021
37050,Choctaw County,OK,40023
37059,Cimarron County,OK,40025
37063,Cleveland County,OK,40027
37092,Coal County,OK,40029
37098,Comanche County,OK,40031
37118,Cotton County,OK,40033
37122,Craig County,OK,40035
37131,Creek County,OK,40037
37155,Custer County,OK,40039
37164,Delaware County,OK,40041
37179,Dewey County,OK,40043
37187,Ellis County,OK,40045
37191,Garfield County,OK,40047
37215,Garvin County,OK,40049
37226,Grady County,OK,40051
37243,Grant County,OK,40053
37252,Greer County,OK,40055
37256,Harmon County,OK,40057
37261,Harper County,OK,40059
37265,Haskell County,OK,40061
37272,Hughes County,OK,40063
37280,Jackson County,OK,40065
37290,Jefferson County,OK,40067
37296,Johnston County,OK,40069
37310,Kay County,OK,40071
37321,Kingfisher County,OK,40073
37328,Kiowa County,OK,40075
37335,Latimer County,OK,40077
37344,Le Flore County,OK,40079
37366,Lincoln County,OK,40081
37382,Logan County,OK,40083
37397,Love County,OK,40085
37405,McClain County,OK,40087
37419,McCurtain County,OK,40089
37436,McIntosh County,OK,40091
37443,Major County,OK,40093
37451,Marshall County,OK,40095
37456,Mayes County,OK,40097
37472,Murray County,OK,40099
37479,Muskogee County,OK,40101
37493,Noble County,OK,40103
37503,Nowata County,OK,40105
37510,Okfuskee County,OK,40107
37518,Oklahoma County,OK,40109
37601,Okmulgee County,OK,40111
37613,Osage County,OK,40113
37637,Ottawa County,OK,40115
37648,Pawnee County,OK,40117
37659,Payne County,OK,40119
37675,Pittsburg County,OK,40121
37694,Pontotoc County,OK,40123
37702,Pottawatomie County,OK,40125
37720,Pushmataha County,OK,40127
37729,Roger Mills County,OK,40129
37738,Rogers County,OK,40131
37752,Seminole County,OK,40133
37763,Sequoyah County,OK,40135
37772,Stephens County,OK,40137
37778,Texas County,OK,40139
37785,Tillman County,OK,40141
37793,Tulsa County,OK,40143
37863,Wagoner County,OK,40145
37878,Washington County,OK,40147
37890,Washita County,OK,40149
37903,Woods County,OK,40151
37911,Woodward County,OK,40153
37917,Baker County,OR,41001
37930,Benton County,OR,41003
37941,Clackamas County,OR,41005
37981,Clatsop County,OR,41007
37990,Columbia County,OR,41009
37999,Coos County,OR,41011
38009,Crook County,OR,41013
38016,Curry County,OR,41015
38024,Deschutes County,OR,41017
38035,Douglas County,OR,41019
38065,Gilliam County,OR,41021
38069,Grant County,OR,41023
38080,Harney County,OR,41025
38089,Hood River County,OR,41027
38093,Jackson County,OR,41029
38111,Jefferson County,OR,41031
38118,Josephine County,OR,41033
38131,Klamath County,OR,41035
38150,Lake County,OR,41037
38159,Lane County,OR,41039
38200,Lincoln County,OR,41041
38218,Linn County,OR,41043
38239,Malheur County,OR,41045
38253,Marion County,OR,41047
38288,Morrow County,OR,41049
38295,Multnomah County,OR,41051
38360,Polk County,OR,41053
38371,Sherman County,OR,41055
38376,Tillamook County,OR,41057
38392,Umatilla County,OR,41059
38405,Union County,OR,41061
38414,Wallowa County,OR,41063
38419,Wasco County,OR,41065
38426,Washington County,OR,41067
38461,Wheeler County,OR,41069
38464,Yamhill County,OR,41071
38479,Adams County,PA,42001
38501,Allegheny County,PA,42003
38646,Armstrong County,PA,42005
38684,Beaver County,PA,42007
38714,Bedford County,PA,42009
38743,Berks County,PA,42011
38811,Blair County,PA,42013
38834,Bradford County,PA,42015
38865,Bucks County,PA,42017
38942,Butler County,PA,42019
38982,Cambria County,PA,42021
39040,Cameron County,PA,42023
39044,Carbon County,PA,42025
39068,Centre County,PA,42027
39104,Chester County,PA,42029
39170,Clarion County,PA,42031
39208,Clearfield County,PA,42033
39267,Clinton County,PA,42035
39286,Columbia County,PA,42037
39309,Crawford County,PA,42039
39338,Cumberland County,PA,42041
39364,Dauphin County,PA,42043
39411,Delaware County,PA,42045
39464,Elk County,PA,42047
39482,Erie County,PA,42049
39526,Fayette County,PA,42051
39593,Forest County,PA,42053
39605,Franklin County,PA,42055
39640,Fulton County,PA,42057
39657,Greene County,PA,42059
39683,Huntingdon County,PA,42061
39718,Indiana County,PA,42063
39773,Jefferson County,PA,42065
39805,Juniata County,PA,42067
39820,Lackawanna County,PA,42069
39860,Lancaster County,PA,42071
39935,Lawrence County,PA,42073
39960,Lebanon County,PA,42075
39984,Lehigh County,PA,42077
40024,Luzerne County,PA,42079
40091,Lycoming County,PA,42081
40123,McKean County,PA,42083
40144,Mercer County,PA,42085
40173,Mifflin County,PA,42087
40188,Monroe County,PA,42089
40227,Montgomery County,PA,42091
40316,Montour County,PA,42093
40326,Northampton County,PA,42095
40356,Northumberland County,PA,42097
40384,Perry County,PA,42099
40401,Philadelphia County,PA,42101
40462,Pike County,PA,42103
40482,Potter County,PA,42105
40497,Schuylkill County,PA,42107
40557,Snyder County,PA,42109
40577,Somerset County,PA,42111
40622,Sullivan County,PA,42113
40635,Susquehanna County,PA,42115
40666,Tioga County,PA,42117
40693,Union County,PA,42119
40708,Venango County,PA,42121
40731,Warren County,PA,42123
40754,Washington County,PA,42125
40822,Wayne County,PA,42127
40856,Westmoreland County,PA,42129
40951,Wyoming County,PA,42131
40963,York County,PA,42133
41014,Bristol County,RI,44001
41018,Kent County,RI,44003
41030,Newport County,RI,44005
41039,Providence County,RI,44007
41086,Washington County,RI,44009
41109,Abbeville County,SC,45001
41122,Aiken County,SC,45003
41151,Allendale County,SC,45005
41158,Anderson County,SC,45007
41181,Bamberg County,SC,45009
41190,Barnwell County,SC,45011
41199,Beaufort County,SC,45013
41220,Berkeley County,SC,45015
41240,Calhoun County,SC,45017
41247,Charleston County,SC,45019
41289,Cherokee County,SC,45021
41298,Chester County,SC,45023
41308,Chesterfield County,SC,45025
41319,Clarendon County,SC,45027
41331,Colleton County,SC,45029
41347,Darlington County,SC,45031
41358,Dillon County,SC,45033
41369,Dorchester County,SC,45035
41386,Edgefield County,SC,45037
41398,Fairfield County,SC,45039
41408,Florence County,SC,45041
41424,Georgetown County,SC,45043
41430,Greenville County,SC,45045
41467,Greenwood County,SC,45047
41479,Hampton County,SC,45049
41493,Horry County,SC,45051
41514,Jasper County,SC,45053
41524,Kershaw County,SC,45055
41538,Lancaster County,SC,45057
41545,Laurens County,SC,45059
41561,Lee County,SC,45061
41573,Lexington County,SC,45063
41594,McCormick County,SC,45065
41605,Marion County,SC,45067
41613,Marlboro County,SC,45069
41620,Newberry County,SC,45071
41632,Oconee County,SC,45073
41646,Orangeburg County,SC,45075
41671,Pickens County,SC,45077
41688,Richland County,SC,45079
41736,Saluda County,SC,45081
41748,Spartanburg County,SC,45083
41788,Sumter County,SC,45085
41805,Union County,SC,45087
41815,Williamsburg County,SC,45089
41827,York County,SC,45091
41847,Aurora County,SD,46003
41856,Beadle County,SD,46005
41868,Bennett County,SD,46007
41874,Bon Homme County,SD,46009
41881,Brookings County,SD,46011
41893,Brown County,SD,46013
41912,Brule County,SD,46015
41918,Buffalo County,SD,46017
41922,Butte County,SD,46019
41928,Campbell County,SD,46021
41935,Charles Mix County,SD,46023
41946,Clark County,SD,46025
41958,Clay County,SD,46027
41966,Codington County,SD,46029
41977,Corson County,SD,46031
41988,Custer County,SD,46033
41996,Davison County,SD,46035
42002,Day County,SD,46037
42014,Deuel County,SD,46039
42023,Dewey County,SD,46041
42031,Douglas County,SD,46043
42041,Edmunds County,SD,46045
42050,Fall River County,SD,46047
42056,Faulk County,SD,46049
42067,Grant County,SD,46051
42081,Gregory County,SD,46053
42088,Haakon County,SD,46055
42093,Hamlin County,SD,46057
42106,Hand County,SD,46059
42116,Hanson County,SD,46061
42124,Harding County,SD,46063
42133,Hughes County,SD,46065
42137,Hutchinson County,SD,46067
42151,Hyde County,SD,46069
42156,Jackson County,SD,46071
42161,Jerauld County,SD,46073
42165,Jones County,SD,46075
42168,Kingsbury County,SD,46077
42180,Lake County,SD,46079
42194,Lawrence County,SD,46081
42204,Lincoln County,SD,46083
42217,Lyman County,SD,46085
42225,McCook County,SD,46087
42236,McPherson County,SD,46089
42242,Marshall County,SD,46091
42250,Meade County,SD,46093
42269,Mellette County,SD,46095
42272,Miner County,SD,46097
42280,Minnehaha County,SD,46099
42310,Moody County,SD,46101
42319,Pennington County,SD,46103
42341,Perkins County,SD,46105
42349,Potter County,SD,46107
42354,Roberts County,SD,46109
42367,Sanborn County,SD,46111
42375,Spink County,SD,46115
42389,Stanley County,SD,46117
42391,Sully County,SD,46119
42397,Todd County,SD,46121
42403,Tripp County,SD,46123
42410,Turner County,SD,46125
42425,Union County,SD,46127
42432,Walworth County,SD,46129
42439,Yankton County,SD,46135
42450,Ziebach County,SD,46137
42452,Anderson County,TN,47001
42465,Bedford County,TN,47003
42479,Benton County,TN,47005
42487,Bledsoe County,TN,47007
42496,Blount County,TN,47009
42511,Bradley County,TN,47011
42520,Campbell County,TN,47013
42531,Cannon County,TN,47015
42542,Carroll County,TN,47017
42560,Carter County,TN,47019
42569,Cheatham County,TN,47021
42581,Chester County,TN,47023
42594,Claiborne County,TN,47025
42605,Clay County,TN,47027
42612,Cocke County,TN,47029
42619,Coffee County,TN,47031
42631,Crockett County,TN,47033
42640,Cumberland County,TN,47035
42652,Davidson County,TN,47037
42707,Decatur County,TN,47039
42715,DeKalb County,TN,47041
42726,Dickson County,TN,47043
42739,Dyer County,TN,47045
42751,Fayette County,TN,47047
42768,Fentress County,TN,47049
42778,Franklin County,TN,47051
42795,Gibson County,TN,47053
42811,Giles County,TN,47055
42828,Grainger County,TN,47057
42837,Greene County,TN,47059
42848,Grundy County,TN,47061
42859,Hamblen County,TN,47063
42869,Hamilton County,TN,47065
42906,Hancock County,TN,47067
42912,Hardeman County,TN,47069
42924,Hardin County,TN,47071
42938,Hawkins County,TN,47073
42950,Haywood County,TN,47075
42959,Henderson County,TN,47077
42974,Henry County,TN,47079
42984,Hickman County,TN,47081
42996,Houston County,TN,47083
43004,Humphreys County,TN,47085
43010,Jackson County,TN,47087
43021,Jefferson County,TN,47089
43031,Johnson County,TN,47091
43036,Knox County,TN,47093
43080,Lake County,TN,47095
43083,Lauderdale County,TN,47097
43087,Lawrence County,TN,47099
43098,Lewis County,TN,47101
43105,Lincoln County,TN,47103
43118,Loudon County,TN,47105
43128,McMinn County,TN,47107
43141,McNairy County,TN,47109
43156,Macon County,TN,47111
43165,Madison County,TN,47113
43182,Marion County,TN,47115
43195,Marshall County,TN,47117
43207,Maury County,TN,47119
43220,Meigs County,TN,47121
43227,Monroe County,TN,47123
43238,Montgomery County,TN,47125
43256,Moore County,TN,47127
43266,Morgan County,TN,47129
43278,Obion County,TN,47131
43292,Overton County,TN,47133
43305,Perry County,TN,47135
43309,Pickett County,TN,47137
43314,Polk County,TN,47139
43327,Putnam County,TN,47141
43338,Rhea County,TN,47143
43344,Roane County,TN,47145
43354,Robertson County,TN,47147
43367,Rutherford County,TN,47149
43392,Scott County,TN,47151
43401,Sequatchie County,TN,47153
43409,Sevier County,TN,47155
43422,Shelby County,TN,47157
43493,Smith County,TN,47159
43509,Stewart County,TN,47161
43517,Sullivan County,TN,47163
43536,Sumner County,TN,47165
43549,Tipton County,TN,47167
43559,Trousdale County,TN,47169
43564,Unicoi County,TN,47171
43571,Union County,TN,47173
43582,Van Buren County,TN,47175
43588,Warren County,TN,47177
43596,Washington County,TN,47179
43612,Wayne County,TN,47181
43622,Weakley County,TN,47183
43636,White County,TN,47185
43642,Williamson County,TN,47187
43662,Wilson County,TN,47189
43676,Anderson County,TX,48001
43693,Andrews County,TX,48003
43694,Angelina County,TX,48005
43703,Aransas County,TX,48007
43708,Archer County,TX,48009
43718,Armstrong County,TX,48011
43723,Atascosa County,TX,48013
43739,Austin County,TX,48015
43753,Bailey County,TX,48017
43757,Bandera County,TX,48019
43766,Bastrop County,TX,48021
43780,Baylor County,TX,48023
43781,Bee County,TX,48025
43792,Bell County,TX,48027
43821,Bexar County,TX,48029
43925,Blanco County,TX,48031
43935,Borden County,TX,48033
43942,Bosque County,TX,48035
43952,Bowie County,TX,48037
43966,Brazoria County,TX,48039
43992,Brazos County,TX,48041
44010,Brewster County,TX,48043
44015,Briscoe County,TX,48045
44017,Brooks County,TX,48047
44019,Brown County,TX,48049
44031,Burleson County,TX,48051
44037,Burnet County,TX,48053
44048,Caldwell County,TX,48055
44062,Calhoun County,TX,48057
44068,Callahan County,TX,48059
44076,Cameron County,TX,48061
44097,Camp County,TX,48063
44099,Carson County,TX,48065
44104,Cass County,TX,48067
44117,Castro County,TX,48069
44123,Chambers County,TX,48071
44133,Cherokee County,TX,48073
44145,Childress County,TX,48075
44149,Clay County,TX,48077
44160,Cochran County,TX,48079
44164,Coke County,TX,48081
44171,Coleman County,TX,48083
44184,Collin County,TX,48085
44231,Collingsworth County,TX,48087
44236,Colorado County,TX,48089
44253,Comal County,TX,48091
44269,Comanche County,TX,48093
44281,Concho County,TX,48095
44289,Cooke County,TX,48097
44305,Coryell County,TX,48099
44325,Cottle County,TX,48101
44327,Crane County,TX,48103
44329,Crockett County,TX,48105
44330,Crosby County,TX,48107
44335,Culberson County,TX,48109
44337,Dallam County,TX,48111
44340,Dallas County,TX,48113
44480,Dawson County,TX,48115
44484,Deaf Smith County,TX,48117
44489,Delta County,TX,48119
44497,Denton County,TX,48121
44543,DeWitt County,TX,48123
44552,Dickens County,TX,48125
44557,Dimmit County,TX,48127
44562,Donley County,TX,48129
44565,Duval County,TX,48131
44571,Eastland County,TX,48133
44582,Ector County,TX,48135
44596,Edwards County,TX,48137
44599,Ellis County,TX,48139
44621,El Paso County,TX,48141
44681,Erath County,TX,48143
44694,Falls County,TX,48145
44709,Fannin County,TX,48147
44728,Fayette County,TX,48149
44748,Fisher County,TX,48151
44756,Floyd County,TX,48153
44761,Foard County,TX,48155
44763,Fort Bend County,TX,48157
44801,Franklin County,TX,48159
44805,Freestone County,TX,48161
44814,Frio County,TX,48163
44819,Gaines County,TX,48165
44823,Galveston County,TX,48167
44846,Garza County,TX,48169
44848,Gillespie County,TX,48171
44856,Glasscock County,TX,48173
44858,Goliad County,TX,48175
44865,Gonzales County,TX,48177
44878,Gray County,TX,48179
44885,Grayson County,TX,48181
44907,Gregg County,TX,48183
44924,Grimes County,TX,48185
44936,Guadalupe County,TX,48187
44952,Hale County,TX,48189
44960,Hall County,TX,48191
44968,Hamilton County,TX,48193
44974,Hansford County,TX,48195
44977,Hardeman County,TX,48197
44980,Hardin County,TX,48199
44992,Harris County,TX,48201
45221,Harrison County,TX,48203
45238,Hartley County,TX,48205
45241,Haskell County,TX,48207
45250,Hays County,TX,48209
45266,Hemphill County,TX,48211
45268,Henderson County,TX,48213
45283,Hidalgo County,TX,48215
45316,Hill County,TX,48217
45335,Hockley County,TX,48219
45347,Hood County,TX,48221
45356,Hopkins County,TX,48223
45367,Houston County,TX,48225
45374,Howard County,TX,48227
45378,Hudspeth County,TX,48229
45382,Hunt County,TX,48231
45402,Hutchinson County,TX,48233
45409,Irion County,TX,48235
45413,Jack County,TX,48237
45424,Jackson County,TX,48239
45433,Jasper County,TX,48241
45440,Jeff Davis County,TX,48243
45442,Jefferson County,TX,48245
45465,Jim Hogg County,TX,48247
45468,Jim Wells County,TX,48249
45475,Johnson County,TX,48251
45492,Jones County,TX,48253
45503,Karnes County,TX,48255
45511,Kaufman County,TX,48257
45527,Kendall County,TX,48259
45536,Kenedy County,TX,48261
45538,Kent County,TX,48263
45541,Kerr County,TX,48265
45553,Kimble County,TX,48267
45559,King County,TX,48269
45561,Kinney County,TX,48271
45563,Kleberg County,TX,48273
45565,Knox County,TX,48275
45571,Lamar County,TX,48277
45587,Lamb County,TX,48279
45597,Lampasas County,TX,48281
45604,La Salle County,TX,48283
45608,Lavaca County,TX,48285
45616,Lee County,TX,48287
45625,Leon County,TX,48289
45634,Liberty County,TX,48291
45647,Limestone County,TX,48293
45658,Lipscomb County,TX,48295
45663,Live Oak County,TX,48297
45673,Llano County,TX,48299
45683,Loving County,TX,48301
45684,Lubbock County,TX,48303
45722,Lynn County,TX,48305
45728,McCulloch County,TX,48307
45734,McLennan County,TX,48309
45770,McMullen County,TX,48311
45773,Madison County,TX,48313
45779,Marion County,TX,48315
45786,Martin County,TX,48317
45791,Mason County,TX,48319
45798,Matagorda County,TX,48321
45813,Maverick County,TX,48323
45817,Medina County,TX,48325
45833,Menard County,TX,48327
45838,Midland County,TX,48329
45853,Milam County,TX,48331
45866,Mills County,TX,48333
45872,Mitchell County,TX,48335
45876,Montague County,TX,48337
45886,Montgomery County,TX,48339
45919,Moore County,TX,48341
45925,Morris County,TX,48343
45932,Motley County,TX,48345
45937,Nacogdoches County,TX,48347
45949,Navarro County,TX,48349
45966,Newton County,TX,48351
45975,Nolan County,TX,48353
45980,Nueces County,TX,48355
46018,Ochiltree County,TX,48357
46021,Oldham County,TX,48359
46025,Orange County,TX,48361
46032,Palo Pinto County,TX,48363
46043,Panola County,TX,48365
46057,Parker County,TX,48367
46078,Parmer County,TX,48369
46083,Pecos County,TX,48371
46089,Polk County,TX,48373
46101,Potter County,TX,48375
46122,Presidio County,TX,48377
46125,Rains County,TX,48379
46130,Randall County,TX,48381
46146,Reagan County,TX,48383
46148,Real County,TX,48385
46152,Red River County,TX,48387
46159,Reeves County,TX,48389
46164,Refugio County,TX,48391
46169,Roberts County,TX,48393
46172,Robertson County,TX,48395
46184,Rockwall County,TX,48397
46194,Runnels County,TX,48399
46202,Rusk County,TX,48401
46221,Sabine County,TX,48403
46226,San Augustine County,TX,48405
46231,San Jacinto County,TX,48407
46239,San Patricio County,TX,48409
46250,San Saba County,TX,48411
46254,Schleicher County,TX,48413
46255,Scurry County,TX,48415
46262,Shackelford County,TX,48417
46267,Shelby County,TX,48419
46273,Sherman County,TX,48421
46275,Smith County,TX,48423
46303,Somervell County,TX,48425
46310,Starr County,TX,48427
46322,Stephens County,TX,48429
46329,Sterling County,TX,48431
46330,Stonewall County,TX,48433
46332,Sutton County,TX,48435
46334,Swisher County,TX,48437
46338,Tarrant County,TX,48439
46443,Taylor County,TX,48441
46464,Terrell County,TX,48443
46467,Terry County,TX,48445
46474,Throckmorton County,TX,48447
46478,Titus County,TX,48449
46485,Tom Green County,TX,48451
46503,Travis County,TX,48453
46594,Trinity County,TX,48455
46601,Tyler County,TX,48457
46610,Upshur County,TX,48459
46623,Upton County,TX,48461
46626,Uvalde County,TX,48463
46633,Val Verde County,TX,48465
46640,Van Zandt County,TX,48467
46654,Victoria County,TX,48469
46668,Walker County,TX,48471
46681,Waller County,TX,48473
46692,Ward County,TX,48475
46697,Washington County,TX,48477
46705,Webb County,TX,48479
46715,Wharton County,TX,48481
46728,Wheeler County,TX,48483
46735,Wichita County,TX,48485
46748,Wilbarger County,TX,48487
46754,Willacy County,TX,48489
46760,Williamson County,TX,48491
46797,Wilson County,TX,48493
46810,Winkler County,TX,48495
46812,Wise County,TX,48497
46831,Wood County,TX,48499
46844,Yoakum County,TX,48501
46846,Young County,TX,48503
46853,Zapata County,TX,48505
46858,Zavala County,TX,48507
46861,Beaver County,UT,49001
46866,Box Elder County,UT,49003
46884,Cache County,UT,49005
46904,Carbon County,UT,49007
46910,Daggett County,UT,49009
46912,Davis County,UT,49011
46928,Duchesne County,UT,49013
46940,Emery County,UT,49015
46950,Garfield County,UT,49017
46958,Grand County,UT,49019
46962,Iron County,UT,49021
46976,Juab County,UT,49023
46980,Kane County,UT,49025
46988,Millard County,UT,49027
46999,Morgan County,UT,49029
47002,Piute County,UT,49031
47008,Rich County,UT,49033
47012,Salt Lake County,UT,49035
47079,San Juan County,UT,49037
47089,Sanpete County,UT,49039
47104,Sevier County,UT,49041
47116,Summit County,UT,49043
47125,Tooele County,UT,49045
47133,Uintah County,UT,49047
47143,Utah County,UT,49049
47171,Wasatch County,UT,49051
47177,Washington County,UT,49053
47200,Wayne County,UT,49055
47206,Weber County,UT,49057
47222,Addison County,VT,50001
47245,Bennington County,VT,50003
47269,Caledonia County,VT,50005
47300,Chittenden County,VT,50007
47330,Essex County,VT,50009
47342,Franklin County,VT,50011
47363,Grand Isle County,VT,50013
47368,Lamoille County,VT,50015
47385,Orange County,VT,50017
47422,Orleans County,VT,50019
47452,Rutland County,VT,50021
47488,Washington County,VT,50023
47523,Windham County,VT,50025
47553,Windsor County,VT,50027
47595,Accomack County,VA,51001
47631,Albemarle County,VA,51003
47660,Alleghany County,VA,51005
47667,Amelia County,VA,51007
47673,Amherst County,VA,51009
47684,Appomattox County,VA,51011
47693,Arlington County,VA,51013
47728,Augusta County,VA,51015
47758,Bath County,VA,51017
47765,Bedford County,VA,51019
47785,Bland County,VA,51021
47792,Botetourt County,VA,51023
47807,Brunswick County,VA,51025
47824,Buchanan County,VA,51027
47843,Buckingham County,VA,51029
47854,Campbell County,VA,51031
47868,Caroline County,VA,51033
47885,Carroll County,VA,51035
47901,Charles City County,VA,51036
47906,Charlotte County,VA,51037
47920,Chesterfield County,VA,51041
47937,Clarke County,VA,51043
47944,Craig County,VA,51045
47949,Culpeper County,VA,51047
47967,Cumberland County,VA,51049
47974,Dickenson County,VA,51051
47985,Dinwiddie County,VA,51053
47997,Essex County,VA,51057
48007,Fairfax County,VA,51059
48090,Fauquier County,VA,51061
48118,Floyd County,VA,51063
48130,Fluvanna County,VA,51065
48139,Franklin County,VA,51067
48157,Frederick County,VA,51069
48170,Giles County,VA,51071
48180,Gloucester County,VA,51073
48196,Goochland County,VA,51075
48212,Grayson County,VA,51077
48222,Greene County,VA,51079
48229,Greensville County,VA,51081
48235,Halifax County,VA,51083
48251,Hanover County,VA,51085
48264,Henrico County,VA,51087
48285,Henry County,VA,51089
48296,Highland County,VA,51091
48304,Isle of Wight County,VA,51093
48315,James City County,VA,51095
48321,King and Queen County,VA,51097
48336,King George County,VA,51099
48343,King William County,VA,51101
48349,Lancaster County,VA,51103
48360,Lee County,VA,51105
48371,Loudoun County,VA,51107
48406,Louisa County,VA,51109
48418,Lunenburg County,VA,51111
48430,Madison County,VA,51113
48453,Mathews County,VA,51115
48471,Mecklenburg County,VA,51117
48485,Middlesex County,VA,51119
48498,Montgomery County,VA,51121
48514,Nelson County,VA,51125
48532,New Kent County,VA,51127
48539,Northampton County,VA,51131
48553,Northumberland County,VA,51133
48563,Nottoway County,VA,51135
48571,Orange County,VA,51137
48585,Page County,VA,51139
48591,Patrick County,VA,51141
48605,Pittsylvania County,VA,51143
48625,Powhatan County,VA,51145
48630,Prince Edward County,VA,51147
48642,Prince George County,VA,51149
48650,Prince William County,VA,51153
48676,Pulaski County,VA,51155
48684,Rappahannock County,VA,51157
48694,Richmond County,VA,51159
48701,Roanoke County,VA,51161
48716,Rockbridge County,VA,51163
48730,Rockingham County,VA,51165
48754,Russell County,VA,51167
48766,Scott County,VA,51169
48776,Shenandoah County,VA,51171
48793,Smyth County,VA,51173
48805,Southampton County,VA,51175
48818,Spotsylvania County,VA,51177
48834,Stafford County,VA,51179
48848,Surry County,VA,51181
48858,Sussex County,VA,51183
48871,Tazewell County,VA,51185
48893,Warren County,VA,51187
48902,Washington County,VA,51191
48914,Westmoreland County,VA,51193
48927,Wise County,VA,51195
48936,Wythe County,VA,51197
48947,York County,VA,51199
48959,Alexandria city,VA,51510
48974,Bristol city,VA,51520
48978,Buena Vista city,VA,51530
48979,Charlottesville city,VA,51540
48985,Chesapeake city,VA,51550
48998,Colonial Heights city,VA,51570
48999,Covington city,VA,51580
49000,Danville city,VA,51590
49002,Emporia city,VA,51595
49003,Fairfax city,VA,51600
49007,Falls Church city,VA,51610
49013,Franklin city,VA,51620
49014,Fredericksburg city,VA,51630
49019,Galax city,VA,51640
49020,Hampton city,VA,51650
49036,Harrisonburg city,VA,51660
49040,Hopewell city,VA,51670
49041,Lexington city,VA,51678
49042,Lynchburg city,VA,51680
49051,Manassas city,VA,51683
49053,Manassas Park city,VA,51685
49056,Martinsville city,VA,51690
49057,Newport News city,VA,51700
49070,Norfolk city,VA,51710
49090,Norton city,VA,51720
49091,Petersburg city,VA,51730
49095,Poquoson city,VA,51735
49096,Portsmouth city,VA,51740
49105,Radford city,VA,51750
49110,Richmond city,VA,51760
49137,Roanoke city,VA,51770
49176,Salem city,VA,51775
49179,Staunton city,VA,51790
49182,Suffolk city,VA,51800
49193,Virginia Beach city,VA,51810
49213,Waynesboro city,VA,51820
49215,Williamsburg city,VA,51830
49219,Winchester city,VA,51840
49222,Adams County,WA,53001
49233,Asotin County,WA,53003
49236,Benton County,WA,53005
49248,Chelan County,WA,53007
49264,Clallam County,WA,53009
49275,Clark County,WA,53011
49299,Columbia County,WA,53013
49305,Cowlitz County,WA,53015
49317,Douglas County,WA,53017
49330,Ferry County,WA,53019
49340,Franklin County,WA,53021
49348,Garfield County,WA,53023
49350,Grant County,WA,53025
49370,Grays Harbor County,WA,53027
49392,Island County,WA,53029
49400,Jefferson County,WA,53031
49409,King County,WA,53033
49529,Kitsap County,WA,53035
49556,Kittitas County,WA,53037
49569,Klickitat County,WA,53039
49586,Lewis County,WA,53041
49612,Lincoln County,WA,53043
49629,Mason County,WA,53045
49644,Okanogan County,WA,53047
49666,Pacific County,WA,53049
49683,Pend Oreille County,WA,53051
49691,Pierce County,WA,53053
49770,San Juan County,WA,53055
49779,Skagit County,WA,53057
49797,Skamania County,WA,53059
49805,Snohomish County,WA,53061
49846,Spokane County,WA,53063
49905,Stevens County,WA,53065
49927,Thurston County,WA,53067
49948,Wahkiakum County,WA,53069
49954,Walla Walla County,WA,53071
49963,Whatcom County,WA,53073
49984,Whitman County,WA,53075
50008,Yakima County,WA,53077
50033,Barbour County,WV,54001
50046,Berkeley County,WV,54003
50060,Boone County,WV,54005
50088,Braxton County,WV,54007
50105,Brooke County,WV,54009
50114,Cabell County,WV,54011
50161,Calhoun County,WV,54013
50174,Clay County,WV,54015
50190,Doddridge County,WV,54017
50196,Fayette County,WV,54019
50239,Gilmer County,WV,54021
50254,Grant County,WV,54023
50265,Greenbrier County,WV,54025
50286,Hampshire County,WV,54027
50304,Hancock County,WV,54029
50309,Hardy County,WV,54031
50322,Harrison County,WV,54033
50346,Jackson County,WV,54035
50362,Jefferson County,WV,54037
50373,Kanawha County,WV,54039
50450,Lewis County,WV,54041
50463,Lincoln County,WV,54043
50482,Logan County,WV,54045
50517,McDowell County,WV,54047
50553,Marion County,WV,54049
50577,Marshall County,WV,54051
50586,Mason County,WV,54053
50604,Mercer County,WV,54055
50624,Mineral County,WV,54057
50633,Mingo County,WV,54059
50654,Monongalia County,WV,54061
50679,Monroe County,WV,54063
50691,Morgan County,WV,54065
50695,Nicholas County,WV,54067
50718,Ohio County,WV,54069
50726,Pendleton County,WV,54071
50735,Pleasants County,WV,54073
50740,Pocahontas County,WV,54075
50754,Preston County,WV,54077
50771,Putnam County,WV,54079
50791,Raleigh County,WV,54081
50842,Randolph County,WV,54083
50861,Ritchie County,WV,54085
50876,Roane County,WV,54087
50888,Summers County,WV,54089
50905,Taylor County,WV,54091
50915,Tucker County,WV,54093
50927,Tyler County,WV,54095
50935,Upshur County,WV,54097
50948,Wayne County,WV,54099
50967,Webster County,WV,54101
50976,Wetzel County,WV,54103
50991,Wirt County,WV,54105
51000,Wood County,WV,54107
51018,Wyoming County,WV,54109
51059,Adams County,WI,55001
51074,Ashland County,WI,55003
51085,Barron County,WI,55005
51104,Bayfield County,WI,55007
51119,Brown County,WI,55009
51143,Buffalo County,WI,55011
51153,Burnett County,WI,55013
51165,Calumet County,WI,55015
51180,Chippewa County,WI,55017
51195,Clark County,WI,55019
51216,Columbia County,WI,55021
51237,Crawford County,WI,55023
51250,Dane County,WI,55025
51308,Dodge County,WI,55027
51338,Door County,WI,55029
51352,Douglas County,WI,55031
51365,Dunn County,WI,55033
51390,Eau Claire County,WI,55035
51406,Florence County,WI,55037
51411,Fond du Lac County,WI,55039
51436,Forest County,WI,55041
51446,Grant County,WI,55043
51471,Green County,WI,55045
51483,Green Lake County,WI,55047
51496,Iowa County,WI,55049
51519,Iron County,WI,55051
51528,Jackson County,WI,55053
51543,Jefferson County,WI,55055
51563,Juneau County,WI,55057
51579,Kenosha County,WI,55059
51604,Kewaunee County,WI,55061
51610,La Crosse County,WI,55063
51624,Lafayette County,WI,55065
51638,Langlade County,WI,55067
51652,Lincoln County,WI,55069
51659,Manitowoc County,WI,55071
51680,Marathon County,WI,55073
51713,Marinette County,WI,55075
51729,Marquette County,WI,55077
51743,Menominee County,WI,55078
51747,Milwaukee County,WI,55079
51794,Monroe County,WI,55081
51810,Oconto County,WI,55083
51829,Oneida County,WI,55085
51846,Outagamie County,WI,55087
51873,Ozaukee County,WI,55089
51887,Pepin County,WI,55091
51894,Pierce County,WI,55093
51908,Polk County,WI,55095
51928,Portage County,WI,55097
51949,Price County,WI,55099
51963,Racine County,WI,55101
51982,Richland County,WI,55103
51997,Rock County,WI,55105
52019,Rusk County,WI,55107
52033,St. Croix County,WI,55109
52052,Sauk County,WI,55111
52072,Sawyer County,WI,55113
52083,Shawano County,WI,55115
52108,Sheboygan County,WI,55117
52129,Taylor County,WI,55119
52144,Trempealeau County,WI,55121
52158,Vernon County,WI,55123
52176,Vilas County,WI,55125
52189,Walworth County,WI,55127
52209,Washburn County,WI,55129
52220,Washington County,WI,55131
52239,Waukesha County,WI,55133
52278,Waupaca County,WI,55135
52298,Waushara County,WI,55137
52316,Winnebago County,WI,55139
52338,Wood County,WI,55141
52356,Albany County,WY,56001
52370,Big Horn County,WY,56003
52386,Campbell County,WY,56005
52396,Carbon County,WY,56007
52409,Converse County,WY,56009
52414,Crook County,WY,56011
52422,Fremont County,WY,56013
52437,Goshen County,WY,56015
52447,Hot Springs County,WY,56017
52450,Johnson County,WY,56019
52457,Laramie County,WY,56021
52473,Lincoln County,WY,56023
52488,Natrona County,WY,56025
52502,Niobrara County,WY,56027
52506,Park County,WY,56029
52514,Platte County,WY,56031
52519,Sheridan County,WY,56033
52531,Sublette County,WY,56035
52537,Sweetwater County,WY,56037
52548,Teton County,WY,56039
52557,Uinta County,WY,56041
52564,Washakie County,WY,56043
52566,Weston County,WY,56045
